Form Name,Field Name,Description,Label,Key,Property Key,Property Value,
sysProjectNewStepForm,,baseInfo,,,type|isResponsive|cols|divider,collapse|false|2|false,
sysProjectNewStepForm,ID,ПоДї±аєЕ,project.title.id,ID$,columnSpan|maxLength|autoAllocate|editable,2|32|true|true
sysProjectNewStepForm,NAME,ПоДїГыіЖ,project.field.projectName,NAME$,columnSpan|required|maxLength,2|true|32
sysProjectNewStepForm,FromTemplate,ёґЦЖДЈ°е,project.field.copyTemplate,FromTemplate,columnSpan|type|searchShowMenu|tableName|dataSource|canDeactivateAction,2|object|false|sysProjectTemplateSearchTable|/projectTemplate/list?isIndexQuery=N&TemplateStatus=Available|formTemplateChangeAction
sysProjectNewStepForm,ProjectType,АпіМ±®АаРН,project.title.mileStoneType,ProjectType,columnSpan|type|typeValue|generalName,2|general|FoundationObject|milestone
sysProjectNewStepForm,Executor,ПоДїѕ­Ан,project.field.projectManager,Executor,columnSpan|type|typeValue,2|user|IUser
sysProjectNewStepForm,startOrEnd,їЄКј/ЅбКшК±јд,project.field.startOrEndTime,startOrEnd,type|options|showTitle|columnSpan|defaultValue,radiobox|PLANSTARTTIME:project.title.start;PLANFINISHTIME:basic.system.state.COP|true|1|PLANSTARTTIME
sysProjectNewStepForm,Time,К±јд,project.field.time,Time,type|columnSpan|showTitle|labelSeat|disabledMode|isForbiddenBefore,date|1|false|false|before|true
sysProjectNewStepForm,ImportanceLevel,ЦШТЄіМ¶И,project.field.importantLevel,ImportanceLevel,columnSpan|type|typeValue,2|code|ImportanceLevel
sysProjectNewStepForm,PROGRAMTYPE,ПоДїАа±р,project.field.projectCategory,PROGRAMTYPE,type|columnSpan|typeValue,code|2|ProgramType,
sysProjectNewStepForm,PROJECTFOLDER,О»ЦГ,project.field.projectFolder,PROJECTFOLDER,type|required|columnSpan,folder|false|2
sysProjectNewTemplateForm,ID,ДЈ°е±аєЕ,project.field.tempNumber,ID$,required|maxLength,true|32
sysProjectNewTemplateForm,NAME,ПоДїГыіЖ,project.field.projectName,NAME$,required|maxLength,true|32 
sysProjectNewTemplateForm,FromTemplate,ёґЦЖДЈ°е,project.field.copyTemplate,FromTemplate,columnSpan|type|searchShowMenu|tableName|dataSource|canDeactivateAction,2|object|false|sysProjectTemplateSearchTable|/projectTemplate/list?isIndexQuery=N&TemplateStatus=Available|formTemplateChangeAction
sysProjectNewTemplateForm,ProjectType,АпіМ±®АаРН,project.title.mileStoneType,ProjectType,type|typeValue|generalName,general|FoundationObject|milestone
sysProjectNewTemplateForm,templateDescription,ДЈ°еЛµГч,project.field.TempDescription,templateDescription,type|inputType|maxLength,string|area|128
sysProjectNewTaskForm,NAME,ИООсГыіЖ,project.title.taskName,NAME$,required,true
sysProjectNewTaskForm,plannedStartDates,јЖ»®їЄКјК±јд,project.title.planStartTime,plannedStartDates,type|inputType|disabledDateField|disabledMode,date|interval|PROJECTPLANFINISHTIME|before
sysProjectNewTaskForm,Executor,ЦґРРИЛ,project.title.executor,Executor,type|optionSource,user|/team/listTeamUserOption?projectGuid=$projectGuid
sysProjectNewTaskForm,ImportanceLevel,ИООсУЕПИј¶,project.field.taskPriority,ImportanceLevel,type|typeValue,code|ImportanceLevel
sysProjectNewTaskForm,PLANWORKLOAD,јЖ»®№¤ЧчБї,project.field.plannedWorkload,PLANWORKLOAD,type|min,numerical|0
sysProjectTemplateNewTaskForm,TASKNAME,ГыіЖ,common.field.name,NAME$,type|maxLength|required,string|32|true
sysProjectTemplatePreviewForm,ID,±аєЕ,common.field.id,ID$
sysProjectTemplatePreviewForm,NAME,ГыіЖ,common.field.name,NAME$
sysProjectTemplatePreviewForm,Calendar,ПоДїИХАъ,project.field.projectCalendar,Calendar,type|optionSource,combo|/calendar/listCalendar?containObsolete='N'
sysProjectTemplatePreviewForm,listMileStoneType,АпіМ±®АаРН,project.title.mileStoneType,listMileStoneType,type|optionSource,ppm-listmilestone-card-table|/restful/ppm/mileStone/listMileStone?interfaceNames=IProjectType
sysProjectTemplatePreviewForm,TASKSTARTTYPE,ИООсЖф¶ЇДЈКЅ,project.field.taskStartupMode,TASKSTARTTYPE,type|typeValue,code|TaskStartType
sysProjectTemplatePreviewForm,TASKPERFORMERTYPE,ЦґРР·ЅКЅ,project.field.taskPerformerType,TASKPERFORMERTYPE,type|typeValue,code|TaskPerformerType
sysProjectTemplatePreviewForm,PlanDuration,јЖ»®№¤ЖЪ(Мм),project.field.planDuration,PLANDURATION,type,date
sysProjectTemplatePreviewForm,PlanWorkload,јЖ»®№¤ЧчБї(К±),project.field.planWorkload,PLANWORKLOAD,type,date
sysProjectTemplatePreviewForm,ProjectPlan,ПоДїјЖ»®ЙуЕъ,project.field.projectPlanApproval,ProjectPlan
sysProjectTemplatePreviewForm,CREATEUSER,ґґЅЁХЯ,common.field.createuser,CREATEUSER$NAME,type,user
sysProjectTemplatePreviewForm,CREATETIME,ґґЅЁК±јд,common.field.createtime,CREATETIME$,type,date
sysProjectTemplatePreviewForm,projectType,ПоДїАа±р,project.field.projectCategory,projectType
sysProjectChangeRecordListBeforeForm,,baseInfo,,,type|isResponsive|cols|divider,collapse|false|2|false,
sysProjectChangeRecordListBeforeForm,NAME$,ПоДїГыіЖ,project.field.projectName,NAME$,columnSpan,1
sysProjectChangeRecordListBeforeForm,PROGRAMTYPE$TITLE,ПоДїАаРН,project.field.projectType,PROGRAMTYPE$TITLE,columnSpan|expression,1|i18n($PROGRAMTYPE$TITLE)
sysProjectChangeRecordListBeforeForm,FROMTEMPLATE$FULLNAME,ПоДїДЈ°е,project.field.projectTemplate,FROMTEMPLATE$FULLNAME,columnSpan,1
sysProjectChangeRecordListBeforeForm,EXECUTOR$NAME,ПоДїѕ­Ан,project.field.projectManager,EXECUTOR$NAME,columnSpan,1
sysProjectChangeRecordListBeforeForm,PROJECTCALENDAR$NAME,ПоДїИХАъ,project.field.projectCalendar,PROJECTCALENDAR$NAME,columnSpan,1
sysProjectChangeRecordListBeforeForm,IMPORTANCELEVEL$TITLE,ЦШТЄіМ¶И,project.field.importantLevel,IMPORTANCELEVEL$TITLE,columnSpan|expression,1|i18n($IMPORTANCELEVEL$TITLE)
sysProjectChangeRecordListBeforeForm,TASKPERFORMERTYPE$TITLE,ИООсЦґРР·ЅКЅ,project.field.taskExecutionMode,TASKPERFORMERTYPE$TITLE,columnSpan|expression,1|i18n($TASKPERFORMERTYPE$TITLE)
sysProjectChangeRecordListBeforeForm,TASKSTARTTYPE$TITLE,ИООсЖф¶ЇДЈКЅ,project.field.taskStartupMode,TASKSTARTTYPE$TITLE,columnSpan|expression,1|i18n($TASKSTARTTYPE$TITLE)
sysProjectChangeRecordListBeforeForm,PLANSTARTTIME,јЖ»®їЄКјИХЖЪ,project.field.plannedStartDate,PLANSTARTTIME,columnSpan,1
sysProjectChangeRecordListBeforeForm,PLANFINISHTIME,јЖ»®ЅбКшИХЖЪ,project.field.plannedEndDate,PLANFINISHTIME,columnSpan,1
sysProjectChangeRecordListBeforeForm,PLANNEDDURATION,јЖ»®№¤ЖЪ,project.field.planProjectDuration,PLANNEDDURATION,columnSpan,1
sysProjectChangeRecordListBeforeForm,PLANAPPROVAL,јЖ»®КЗ·сЙуЕъ,project.field.planApproved,PLANAPPROVAL,columnSpan|type,1|boolean
sysProjectChangeRecordListAfterForm,,baseInfo,,,type|isResponsive|cols|divider,collapse|false|2|false,
sysProjectChangeRecordListAfterForm,NAME$,ПоДїГыіЖ,project.field.projectName,NAME$,columnSpan|classNameExpression,1|if($NAME$Changed){return 'fField-font-color&&#ff4d4f'}
sysProjectChangeRecordListAfterForm,PROGRAMTYPE$TITLE,ПоДїАаРН,project.field.projectType,PROGRAMTYPE$TITLE,columnSpan|expression|classNameExpression,1|i18n($PROGRAMTYPE$TITLE)|if($PROGRAMTYPE$TITLEChanged){return 'fField-font-color&&#ff4d4f'}
sysProjectChangeRecordListAfterForm,FROMTEMPLATE$FULLNAME,ПоДїДЈ°е,project.field.projectTemplate,FROMTEMPLATE$FULLNAME,columnSpan,1
sysProjectChangeRecordListAfterForm,EXECUTOR$NAME,ПоДїѕ­Ан,project.field.projectManager,EXECUTOR$NAME,columnSpan|classNameExpression,1|if($EXECUTOR$NAMEChanged){return 'fField-font-color&&#ff4d4f'}
sysProjectChangeRecordListAfterForm,PROJECTCALENDAR$NAME,ПоДїИХАъ,project.field.projectCalendar,PROJECTCALENDAR$NAME,columnSpan|classNameExpression,1|if($PROJECTCALENDAR$NAMEChanged){return 'fField-font-color&&#ff4d4f'}
sysProjectChangeRecordListAfterForm,IMPORTANCELEVEL$TITLE,ЦШТЄіМ¶И,project.field.importantLevel,IMPORTANCELEVEL$TITLE,columnSpan|expression|classNameExpression,1|i18n($IMPORTANCELEVEL$TITLE)|if($IMPORTANCELEVEL$TITLEChanged){return 'fField-font-color&&#ff4d4f'}
sysProjectChangeRecordListAfterForm,TASKPERFORMERTYPE$TITLE,ИООсЦґРР·ЅКЅ,project.field.taskExecutionMode,TASKPERFORMERTYPE$TITLE,columnSpan|expression|classNameExpression,1|i18n($TASKPERFORMERTYPE$TITLE)|if($TASKPERFORMERTYPE$TITLEChanged){return 'fField-font-color&&#ff4d4f'}
sysProjectChangeRecordListAfterForm,TASKSTARTTYPE$TITLE,ИООсЖф¶ЇДЈКЅ,project.field.taskStartupMode,TASKSTARTTYPE$TITLE,columnSpan|expression|classNameExpression,1|i18n($TASKSTARTTYPE$TITLE)|if($TASKSTARTTYPE$TITLEChanged){return 'fField-font-color&&#ff4d4f'}
sysProjectChangeRecordListAfterForm,PLANSTARTTIME,јЖ»®їЄКјК±јд,project.field.plannedStartDate,PLANSTARTTIME,columnSpan|classNameExpression,1|if($PLANSTARTTIMEChanged){return 'fField-font-color&&#ff4d4f'}
sysProjectChangeRecordListAfterForm,PLANFINISHTIME,јЖ»®ЅбКшК±јд,project.field.plannedEndDate,PLANFINISHTIME,columnSpan|classNameExpression,1|if($PLANNEDDURATIONChanged){return 'fField-font-color&&#ff4d4f'}
sysProjectChangeRecordListAfterForm,PLANNEDDURATION,јЖ»®№¤ЖЪ,project.field.planProjectDuration,PLANNEDDURATION,columnSpan|classNameExpression,1|if($PLANNEDDURATIONChanged){return 'fField-font-color&&#ff4d4f'}
sysProjectChangeRecordListAfterForm,PLANAPPROVAL,јЖ»®КЗ·сЙуЕъ,project.field.planApproved,PLANAPPROVAL,columnSpan|type|classNameExpression,1|boolean|if($PLANAPPROVALChanged){return 'fField-font-color&&#ff4d4f'}
sysProductWarningAddForm,EVENTTYPE,КВјюАаРН,project.title.eventType,EVENTTYPE,type|optionSource|required,combo|/warning/listWaringEvents|true
sysProductWarningAddForm,INTERVALUE-1,јдёф,project.title.delay,INTERVALUE,required|type|suffix|max|min|visiableExpression,true|numerical|ЈЁМмЈ©|100|1|`$EVENTTYPE?.value==='P_START_DELAY'||$EVENTTYPE?.value==='T_START_DELAY'||$EVENTTYPE?.value==='T_START_BEFORE'||$EVENTTYPE?.value==='P_COMPLETE_DELAY'||$EVENTTYPE?.value==='T_COMPLETE_DELAY'||$EVENTTYPE?.value==='T_COMPLETE_BEFORE'||$EVENTTYPE?.value==='P_START_BEFORE'`
sysProductWarningAddForm,INTERVALUE-2,јдёф,project.title.delay,INTERVALUE,required|type|suffix|max|min|visiableExpression,true|numerical|%|100|1|`$EVENTTYPE?.value==='P_COMPLETE_DELAY_PERCENT'||$EVENTTYPE?.value==='T_COMPLETE_DELAY_PERCENT'`
sysProductWarningAddForm,INTERVALUE-3,SPIРЎУЪ,project.title.spiLessThan,INTERVALUE,required|type|typeValue|max|min|visiableExpression,true|numerical|float|1|0|`$EVENTTYPE?.value==='P_PROGRESS_RISK'||$EVENTTYPE?.value==='T_PROGRESS_RISK'`
sysProductWarningAddForm,NOTICEMEMBERLIST,НЁЦЄИЛФ±,project.title.notifyUser,NOTICEMEMBERLIST,type|customOpenClick|delAction|isMultiple|showAddIcon|isTranslate,object|sysOpenNotifySelectModelAction|sysDeletNotifySelectedAction|true|false|true
sysProductWarningAddForm,ISENABLE,ЖфУГЧґМ¬,project.title.enableState,ISENABLE,type|inputType,boolean|switch
sysProductWarningAddForm,RELATEDOBJECTTYPE,ККУГ¶ФПу,project.title.relatedObject,RELATEDOBJECTTYPE,visiableExpression|type|optionSource|defaultValue,`$EVENTTYPE?.value==='T_START_DELAY'||$EVENTTYPE?.value==='T_START_BEFORE'||$EVENTTYPE?.value==='T_COMPLETE_DELAY'||$EVENTTYPE?.value==='T_COMPLETE_DELAY_PERCENT'||$EVENTTYPE?.value==='T_COMPLETE_BEFORE'||$EVENTTYPE?.value==='T_PROGRESS_RISK'`|combo|/warning/listWaringRelatedObject|ALL_TASK
sysProductWarningAddForm,APPLYTOTASKLIST,Цё¶ЁИООс,project.title.relatedTask,APPLYTOTASKLIST,type|generalParam|visiableExpression,transfer-table|commandName=sysWarningAssignedTaskTableCommand|`$RELATEDOBJECTTYPE?.value==='SPECIAL_TASK'`
sysProductWarningAddForm,REMARKS,±ёЧў,common.field.remark,REMARKS,type|inputType|maxLength,string|area|128
sysProjectRoleNewForm, ,baseInfo,,,type|isResponsive|cols|divider,collapse|false|2|true
sysProjectRoleNewForm,ROLENAME,ЅЗЙ«ГыіЖ,project.role.form.name,ROLENAME,type|required|placeholder|maxLength,string|true|project.role.placeholder.name|30
sysProjectRoleNewForm,description,ЅЗЙ«ГиКц,project.role.form.description,DESCRIPTION,type|placeholder|inputType|maxLength,string|project.role.placeholder.description|area|100
sysPreviewBaseForm,baseInfo,baseInfo,basic.common.group.baseInfo,,type|divier,collapse|false
sysPreviewBaseForm,OWNERUSER,ЛщУРХЯ,common.field.owneruser,OWNERUSER$,type|editable|typeValue,user|false|IUser
sysPreviewBaseForm,OWNERGROUP,ЛщУРХЯЧй,common.field.ownergroup,OWNERGROUP$,type|editable|typeValue,group|false|IGroup
sysPreviewBaseForm,RELEASETIME,·ўІјК±јд,common.field.releasetime,RELEASETIME$,type|editable|inputType,datetime|false|single
sysPreviewBaseForm,UPDATEUSER,ёьРВХЯ,common.field.updateuser,UPDATEUSER$,type|editable|typeValue,user|false|IUser
sysPreviewBaseForm,UPDATETIME,ёьРВК±јд,common.field.updatetime,UPDATETIME$,type|editable,datetime|false
sysPreviewBaseForm,CREATEUSER,ґґЅЁХЯ,common.field.createuser,CREATEUSER$,type|editable|typeValue,user|false|IUser
sysPreviewBaseForm,CREATETIME,ґґЅЁК±јд,common.field.createtime,CREATETIME$,type|editable,datetime|false
sysPreviewBaseForm,CHECKOUTUSER,јміцХЯ,common.field.checkoutuser,CHECKOUTUSER$,type|editable,string|false
sysProjectChangeForm,CHANGETYPE,±дёьАаРН,project.title.change.boTitle,CHANGETYPE,type|optionSource|selectIndex,combo|/change/listChangeType|0
sysProjectChangeForm,DESCRIPTION,ОКМвГиКц,project.title.change.solution,DESCRIPTION,type|inputType|maxLength,string|area|100
sysProjectChangeForm,SOLUTION,µчХы·Ѕ°ё,project.title.change.description,SOLUTION,type|inputType|maxLength,string|area|100
sysBatchAddDeliverablesForm,TASKNAME,ГыіЖ,common.field.name,TASKNAME,type|editable,string|false
sysBatchAddDeliverablesForm,TYPE,Ѕ»ё¶ОпАаРН,common.field.deliverableType,TYPE,type|optionSource|codeType|editable|selectIndex|required,combo|/lc/model/listClassTree?exceptItfNameList=$exceptItfNameList|Tree|true|0|true
sysBatchAddDeliverablesForm,CLASSIFICATION,·ЦАа,common.field.classification,CLASSIFICATION,enableExpression|type|optionSource|required|codeType|isCascade|relatedField,$TYPE|combo|`/delivery/listCodeItemTree?classGuid=$TYPE['key']||$TYPE['value']||$TYPE`|false|Tree|true|TYPE
sysBatchAddDeliverablesForm,ISMAST,±ШРи?,common.field.isRequired,ISMAST,editable|type|defaultValue,true|boolean|N
sysBatchAddDeliverablesForm,ISRELEASE,·ўІј?,common.field.isPublished,ISRELEASE,editable|type|defaultValue,true|boolean|N
sysBatchAddDeliverablesForm_,CANLOOK,ІйїґИЁПЮ,ІйїґИЁПЮ,CANLOOK,type|editable|showTitle,user|true|true
sysBatchAddDeliverablesForm_,LOADDOWN,ПВФШИЁПЮ,ПВФШИЁПЮ,LOADDOWN,type|editable|showTitle,user|true|true
sysBatchAddDeliverablesForm,Remark,±ёЧў,common.field.remark,Remark,type|editable|inputType|showTitle,string|true|area|true
sysPreTaskForm, ,baseInfo,,,type|isResponsive|cols|divider,collapse|false|3|false
sysPreTaskForm,TASKNAME,ИООсГыіЖ,project.title.taskName,TASKNAME,type|required|placeholder|columnSpan|showTitle|optionSource|codeType,combo|true|ИООсГыіЖ|1|false|/task/listPrerequisiteTasksOptions?GUID$=$OWNERPROJECT&CLASSNAME$=$OWNERPROJECT$CLASSNAME&CLASSGUID$=$OWNERPROJECT$CLASS&TASKGUID$=$GUID$|Tree
sysPreTaskForm,TASKTYPE,АаРН,project.title.preTaskType,TYPE,type|required|placeholder|columnSpan|showTitle|optionSource,combo|true|АаРН|1|false|/task/listPreTaskType
sysPreTaskForm,DELAYTIME,јдёфК±јд,project.field.intervalTime,DELAYTIME,type|placeholder|columnSpan|showTitle|required|defaultValue,numerical|јдёфК±јд|1|false|true|0
sysPreTaskEditForm, ,baseInfo,,,type|isResponsive|cols|divider,collapse|false|1|false
sysPreTaskEditForm,TASKNAME,ИООсГыіЖ,project.title.taskName,TASKNAME,type|required|editable,string|true|false
sysPreTaskEditForm,TASKTYPE,АаРН,project.title.preTaskType,TYPE,type|required|editable|optionSource,combo|true|true|/task/listPreTaskType
sysPreTaskEditForm,DELAYTIME,јдёфК±јд,project.field.intervalTime,DELAYTIME,type|defaultValue,numerical|0
sysStartApprovalProcessForm,template,БчіМДЈ°е,workflow.field.template,template,type|optionSource|selectIndex,combo|/rewrite/SysModel/CommonModel/listOptions?type=$type&classGuid=$classGuid&className=$className&guid=$guid|0
sysStartApprovalProcessForm,Description,ГиКц,common.field.description,Description,type|inputType|maxLength,string|area|100
sysUpdateTaskProForm, ,baseInfo,,,type|isResponsive|cols|divider,collapse|false|1|false
sysUpdateTaskProForm,REMARK,ЛµГч,basic.system.field.illustrate,REMARK,type|inputType|maxLength,string|area|100
sysUpdateTaskProForm,PROGRESS,ЅшХ№Зйїц,project.field.progress,PROGRESS,type|optionSource|selectIndex,combo|/rewrite/SysModel/CommonModel/listOptions?type=code&codeName=TaskProgress|1
sysUpdateTaskProForm,COMPLETIONRATE,НкіЙВК,workbench.sysWorkbenchTodoTable.field.completerate,COMPLETIONRATE,type,progress
sysEditTaskForm, ,baseInfo,,,type|isResponsive|cols|divider,collapse|false|1|false
sysEditTaskForm,TASKNAME,ГыіЖ,common.field.name,TASKNAME,type|maxLength|required,string|100|true
sysEditTaskForm,PLANNEDDURATION,јЖ»®№¤ЖЪ,workbench.sysWorkbenchTodoTable.field.plannedduration,PLANNEDDURATION,type|min,numerical|0
sysEditTaskForm,PLANWORKLOAD,јЖ»®№¤ЧчБї,project.field.plannedWorkload,PLANWORKLOAD,type|min,numerical|0
sysApproveForm,promoter,·ўЖрИЛ,workflow.field.promoter,CREATEUSERNAME,type|editable|controlWidth,string|false
sysAddRelatTaskForm, ,baseInfo,,,type|isResponsive|cols|divider,collapse|false|1|false
sysAddRelatTaskForm,PRETASKTYPE,АаРН,systemSetting.calender.field.Type,PRETASKTYPE,type|optionSource|codeType|required|defaultValue,combo|/task/listPreTaskType|List|true|FS,
sysAddRelatTaskForm,DELAYTIME,јдёфК±јд,project.field.intervalTime,DELAYTIME,type|defaultValue,numerical|0
sysInstanceAddDeliverablesForm,POSITION,О»ЦГ,common.field.position,COMMITFOLDER$,type|required|dataSource,folder|true|/rewrite/Common/ICommonLibraryService/listLibraryFolder?folderGuid=$libraryGuid&contailSelf=Y
sysInstanceAddDeliverablesForm,ISAUTOCHECKOUT$,ґґЅЁєуЧФ¶Їјміц,common.field.autoCheckout,ISAUTOCHECKOUT$,type|defaultValue,boolean|Y
sysInstanceAddDeliverablesForm,CLASSNAME,АаРН,common.field.botitle,CLASSNAME$,type|optionSource|required|selectIndex|valueChangeAfterAction,combo|/rewrite/SysModel/CommonModel/listOptions?type=subClass&uiName=NewForm&className=$className|true|0|cadValueOptionAfterAction
sysInstanceAddDeliverablesHasPROJECTFOLDERForm,POSITION,О»ЦГ,common.field.position,COMMITFOLDER$,type|required|dataSource,folder|true|/rewrite/Common/IFolderService/listChildMenuItems?folderGuid=$libraryGuid&contailSelf=Y
sysInstanceAddDeliverablesHasPROJECTFOLDERForm,ISAUTOCHECKOUT$,ґґЅЁєуЧФ¶Їјміц,common.field.autoCheckout,ISAUTOCHECKOUT$,type|defaultValue,boolean|Y
sysInstanceAddDeliverablesHasPROJECTFOLDERForm,CLASSNAME,АаРН,common.field.botitle,CLASSNAME$,type|optionSource|required|selectIndex|valueChangeAfterAction,combo|/rewrite/SysModel/CommonModel/listOptions?type=subClass&uiName=NewForm&className=$className|true|0|cadValueOptionAfterAction
sysChangeExecRoleForm, ,baseInfo,,,type|isResponsive|cols|divider,collapse|false|1|false
sysChangeExecRoleForm,ROLEGUID,ЦґРРЅЗЙ«,common.field.name,ROLEGUID,type|labelSeat|showTitle|optionSource,combo|false|false|/team/listOptionProjectRole?projectGuid=$projectGuid
sysChangeExecutorForm, ,baseInfo,,,type|isResponsive|cols|divider,collapse|false|1|false
sysChangeExecutorForm,EXECUTOR,ЦґРРИЛ,common.field.name,EXECUTOR,type|labelSeat|showTitle|optionSource,combo|false|false|/team/listTeamUserOption?projectGuid=$projectGuid
sysScalingForm, ,baseInfo,,,type|isResponsive|cols|divider,collapse|false|1|false
sysScalingForm,TYPE,јЖ»®Лх·ЕАаРН,project.field.planScalType,TYPE,type|options|selectIndex,combo|0:project.option.setStartAndEndTimes;1:project.option.scalingTheDuration;2:project.option.specifyDate|0
sysScalingForm,plannedStartDates,јЖ»®ЖрЦ№К±јд,project.field.plannedStartDates,plannedStartDates,editable|type|visiableExpression|inputType,true|date|$TYPE?.value==='0'|interval,
sysScalingForm,PERCENT,Лх·Е±И,project.field.scaling,PERCENT,type|typeValue|min|required|columnSpan|visiableExpression,numerical|integer|0|false|1|$TYPE?.value==='1'
sysScalingForm,DURATION,Цё¶ЁИХЖЪ,project.field.specifyDate,DURATION,type|typeValue|min|max|required|columnSpan|visiableExpression,numerical|integer|0|100|false|1|$TYPE?.value==='2'
sysPersonalCenterForm,baseInfo,baseInfo,,,type|layout|cols|isResponsive|rowSpace|divider,collapse|grid|1|false|15px|false
sysPersonalCenterForm,USERNAME,УГ»§Гы,userinfo.form.field.username,USERID,editable|required|type|labelWidth|maxByteLength|patternMessage|pattern,true|true|string|100px|64|common.validator.letterAndNumOnly|[a-zA-Z0-9]+$
sysPersonalCenterForm,FULLNAME,РХГы,userinfo.form.field.fullname,USERNAME,editable|type|labelWidth|required|maxByteLength,true|string|100px|true|20
sysPersonalCenterForm,EMAIL,УКПд,userinfo.form.field.email,EMAIL,type|labelWidth|maxByteLength|pattern|patternMessage,string|100px|64|^\w+([-+.]\w+)*@\w+([-.]\w+)*\.\w+([-.]\w+)*$|common.validator.mailWrongPattern
sysPersonalCenterForm,TELEPHONE,µз»°,userinfo.form.field.telephone,TEL,type|labelWidth|maxByteLength|pattern|patternMessage,string|100px|20|^[0-9]+$|common.validator.numberOnly
sysPersonalCenterForm,MOBILE,ТЖ¶Їµз»°,userinfo.form.field.mobile,MOBILE,type|labelWidth|maxByteLength|pattern|patternMessage,string|100px|11|^[0-9]+$|common.validator.numberOnly
sysPersonalCenterForm,COUNTRYANDAREA,№ъјТ/µШЗш,userinfo.form.field.countryandarea,COUNTRY,type|labelWidth|maxByteLength,string|100px|64
sysPersonalCenterForm,ADDRESS,µШЦ·,userinfo.form.field.address,ADDRESS,type|labelWidth|maxByteLength,string|100px|64
sysPersonalCenterForm,CITY,іЗКР,userinfo.form.field.city,CITY,type|labelWidth|maxByteLength,string|100px|64
sysPersonalCenterForm,POSTALCODE,УК±а,userinfo.form.field.postalcode,ZIPCODE,type|labelWidth|maxByteLength|pattern|patternMessage,string|100px|20|^[0-9]+$|common.validator.numberOnly
sysPersonalCenterForm,FAX,ґ«Хж,userinfo.form.field.fax,FAX,type|labelWidth|maxByteLength|pattern|patternMessage,string|100px|20|^[0-9]+$|common.validator.numberOnly
sysPersonalCenterForm,ORGANIZATIONORROLE,УГ»§ЧйЦЇ»тЅЗЙ«,userinfo.form.field.organizationorrole,RIGLIST,type|labelWidth|editable|inputType,string|100px|false|area
sysProjectImportForm, ,baseInfo,,,type|divider,collapse|false
sysProjectImportFileForm,FILENAME$,µјИлОДјю,basic.common.command.UploadFiles,FILENAME$,type|inputType|count,file|drag|1
sysUnimportantFileForm,NORMALFILE,Т»°гОДјю,common.field.normalfile,NORMALFILE,type|inputType|count|isResponsive,file|drag|10|false
sysTaskApprovalForm, ,baseInfo,,,type|isResponsive|cols|divider,collapse|false|1|false
sysTaskApprovalForm,ILLUSTRATE,ЛµГч,basic.system.field.illustrate,ILLUSTRATE,type|inputType|maxLength|height,string|area|200|300px
sysNewItemCADForm,POSITION,О»ЦГ,common.field.position,COMMITFOLDER$,type|required|dataSource,folder|true|/rewrite/Common/ICommonLibraryService/listLibraryFolder?folderGuid=$COMMITFOLDER$
sysNewItemCADForm,ISAUTOCHECKOUT$,ґґЅЁєуЧФ¶Їјміц,common.field.autoCheckout,ISAUTOCHECKOUT$,type|defaultValue,boolean|Y
sysNewItemCADForm,CLASSTYPE,АаРН,common.field.botitle,CLASSTYPE,type|optionSource|required,combo|/rewrite/ItemManagement/IItemManagementService/listTypeOfCadTemplate|true
sysNewItemCADForm,TEMPLATE,ДЈ°е,common.field.cadTemplate,TEMPLATE,type|optionSource|relatedField|isCascade|enableExpression|required|valueChangeAfterAction,combo|/rewrite/ItemManagement/IItemManagementService/listAllCadTemplateByType?otherForm=sysNewItemCADManagementForm&uiName=NewForm&className=$CLASSTYPE.className&guid=$CLASSTYPE.value|CLASSTYPE|true|`$CLASSTYPE`|true|cadValueAfterAction
sysNewRelatedForm1,POSITION,О»ЦГ,common.field.position,COMMITFOLDER$,type|required|dataSource,folder|true|/rewrite/Common/ICommonLibraryService/listLibraryFolder?folderGuid=$COMMITFOLDER$
sysNewRelatedForm1,ISAUTOCHECKOUT$,ґґЅЁєуЧФ¶Їјміц,common.field.autoCheckout,ISAUTOCHECKOUT$,type|defaultValue,boolean|Y
sysNewRelatedForm1,CLASSNAME,АаРН,common.field.botitle,CLASSNAME$,type|optionSource|required|valueChangeAfterAction,combo|/rewrite/SysModel/CommonModel/listOptions?type=newClass&uiName=NewForm&templateNames=$TEMPLATENAME&isBeUsed=$BEUSED&CLASSNAME$=$className&GUID$=$guid|true|cadValueClassTypeAfterAction
sysNewRelatedForm,POSITION,О»ЦГ,common.field.position,COMMITFOLDER$,type|required|dataSource,folder|true|/rewrite/Common/ICommonLibraryService/listLibraryFolder?folderGuid=$COMMITFOLDER$
sysNewRelatedForm,ISAUTOCHECKOUT$,ґґЅЁєуЧФ¶Їјміц,common.field.autoCheckout,ISAUTOCHECKOUT$,type|defaultValue,boolean|Y
sysNewRelatedForm,CLASSNAME,АаРН,common.field.botitle,CLASSNAME$,type|optionSource|required|valueChangeAfterAction,combo|/rewrite/SysModel/CommonModel/listOptions?type=newClass&uiName=NewForm&templateNames=$TEMPLATENAME&isBeUsed=$BEUSED&CLASSNAME$=$className&GUID$=$guid|true|cadValueClassTypeAfterAction
sysGeneralConditionSaveForm,conditionName,ГыіЖ,common.field.name,queryInfoName,type|required|placeholder|maxLength,string|true|advsearch.placeHolder.inputConditionName|56
sysGeneralConditionSaveForm,conditionText,Мхјю,advsearch.title.condition,queryInfoText,type|inputType|editable,string|area|false
sysProjectTaskExportForm,,baseInfo,,,type|cols|isResponsive|divider,collapse|1|false|true,
sysProjectTaskExportForm,TYPE,АаРН,project.title.preTaskType,type,required|type|divider|options|defaultValue|selectIndex|editable,true|combo|true|excel:xlsx;xml:xml|excel|0|true
sysProjectStatisticFilterForm,,baseInfo,,,type|isResponsive|cols|divider,collapse|false|1|false
sysProjectStatisticFilterForm,ID,ПоДї±аєЕ,project.title.id,MD_ID,columnSpan|maxLength|editable,2|32|true
sysProjectStatisticFilterForm,NAME,ПоДїГыіЖ,project.title.name,NAME,columnSpan|maxLength,2|32
sysProjectStatisticFilterForm,ProjectType,АпіМ±®АаРН,project.title.mileStoneType,TYPEGUID,columnSpan|type|typeValue|generalName,2|general|FoundationObject|milestone
sysProjectStatisticFilterForm,ImportanceLevel,ЦШТЄіМ¶И,project.title.importantLevel,IMPORTANCE,columnSpan|type|typeValue,2|code|ImportanceLevel
sysProjectStatisticFilterForm,PROGRAMTYPE,ПоДїАа±р,project.title.projectCategory,PROJECTTYPE,type|columnSpan|typeValue,code|2|ProgramType
sysProjectStatisticFilterForm,CREATORGROUP,ґґЅЁХЯЧй,project.title.group,OWNERGROUPGUID,type|typeValue|inputType|isMultiple|columnSpan|types|disabledRigParent|disabledGroupsParent,user|IUser|tag|true|2|GROUP|true|true
sysTaskStatisticFilterForm,,baseInfo,,,type|isResponsive|cols|divider,collapse|false|1|false
sysTaskStatisticFilterForm,OWNERPROJECT,ЛщКфПоДї,project.title.ownerProject,PRJNAME,columnSpan|type|searchShowMenu|tableName|dataSource,2|object|false|sysProjectManagementTable|/project/listProjects
sysTaskStatisticFilterForm,ID,ИООс±аєЕ,project.title.taskId,MD_ID,columnSpan|maxLength|editable,2|32|true
sysTaskStatisticFilterForm,NAME,ИООсГыіЖ,project.title.taskName,NAME,columnSpan|maxLength,2|32
sysTaskStatisticFilterForm,Executor,ЦґРРИЛ,project.title.executor,MANAGER,type|typeValue|inputType|isMultiple|columnSpan|types|disabledRigParent|disabledGroupsParent,user|IUser|tag|true|2|USER|true|true
sysTaskStatisticFilterForm,CREATORGROUP,ґґЅЁХЯЧй,project.title.group,OWNERGROUPGUID,type|typeValue|inputType|isMultiple|columnSpan|types|disabledRigParent|disabledGroupsParent,user|IUser|tag|true|2|GROUP|true|true
sysDeliveryStatisticFilterForm,,baseInfo,,,type|isResponsive|cols|divider,collapse|false|1|false
sysDeliveryStatisticFilterForm,OWNERPROJECT,ЛщКфПоДї,project.title.ownerProject,OWNERPROJECT,columnSpan|type|searchShowMenu|tableName|dataSource,2|object|false|sysProjectManagementTable|/project/listProjects
sysDeliveryStatisticFilterForm,ID,Ѕ»ё¶Оп±аєЕ,project.field.deliveryId,ID,columnSpan|maxLength|editable,2|32|true
sysDeliveryStatisticFilterForm,NAME,Ѕ»ё¶ОпГыіЖ,project.field.deliveryName,NAME,columnSpan|maxLength,2|32
sysDeliveryStatisticFilterForm,STATUS,Ѕ»ё¶ОпЧґМ¬,project.title.deliveryStatus,STATUS,type|options,combo|WIP:basic.system.state.WIP;ECP:basic.system.state.ECP;PRE:basic.system.state.PRE;RLS:basic.system.state.RLS;OBS:basic.system.state.OBS
sysDeliveryStatisticFilterForm,TYPE,Ѕ»ё¶ОпАаРН,project.field.deliveryType,TYPE,type|optionSource|codeType|editable,combo|/lc/model/listClassTree?exceptItfNameList=$exceptItfNameList|Tree|true
sysDeliveryStatisticFilterForm,CLASSIFICATION,·ЦАа,common.field.classification,CLASSIFICATION,enableExpression|type|optionSource|required|codeType|isCascade|relatedField,$TYPE|combo|`/delivery/listCodeItemTree?classGuid=$TYPE['key']||$TYPE['value']||$TYPE`|false|Tree|true|TYPE
sysDeliveryStatisticFilterForm,CREATORGROUP,Ѕ»ё¶ОпґґЅЁХЯ,project.title.deliveryCreater,CREATOR,type|typeValue|inputType|isMultiple|columnSpan|types|disabledRigParent|disabledGroupsParent,user|IUser|tag|true|2|USER|true|true

