Form Name,Field Name,Description,Label,Key,Property Key,Property Value,
sysSecurityUserInfoSettingsForm,,baseInfo,,TEST,type|cols|isResponsive|divider|maxLabelWidth,collapse|2|false|false|260px,
sysSecurityUserInfoSettingsForm,enableStrongPass,ЦєгУЧПУмТыВпТд,systemSetting.security.field.enableStrongPass,ENABLESTRONGPWD,type|inputType|columnSpan|controlWidth,boolean|switch|2|150px,
sysSecurityUserInfoSettingsForm,minimumPassLength,зюаЁУмТыГЄЖШ,systemSetting.security.field.minimumPassLength,MINIMUMLENGTH,type|typeValue|columnSpan|min|max|controlWidth,numerical|integer|2|0|12|150px,
sysSecurityUserInfoSettingsForm,maximumPassLength,зюДѓУмТыГЄЖШ,systemSetting.security.field.maximumPassLength,MAXLENGTH,type|typeValue|columnSpan|min|max|controlWidth,numerical|integer|2|0|20|150px,
sysSecurityUserInfoSettingsForm,passValidDays,ПкСюгааЇЬьЪ§(0~180),systemSetting.security.field.passValidDays,VAILDDAYS,type|typeValue|columnSpan|min|max|controlWidth,numerical|integer|2|0|180|150px,
sysSecurityUserInfoSettingsForm,notifyBeforeInvalidDays,ПкСюЪЇаЇЬсЧАЭЈжЊЬьЪ§(0~7),systemSetting.security.field.notifyBeforeInvalidDays,NOTIFYBEFOREDAYS,type|typeValue|columnSpan|min|max|controlWidth,numerical|integer|2|0|7|150px,
sysSecurityUserInfoSettingsForm,maxFailedTimesLogin,1ЗжжгФкПкСюзюДѓЪдЮѓДЮЪ§(0~5),systemSetting.security.field.maxFailedTimesLogin,MAXLOGINFAILEDTIMES,type|typeValue|columnSpan|min|max|controlWidth,numerical|integer|2|0|5|150px,
sysSecurityWaterMarkSettingsForm,,baseInfo,,TEST,type|cols|isResponsive|divider|maxLabelWidth,collapse|2|false|false|260px,
sysSecurityWaterMarkSettingsForm,ENABLEWATERMARK,ЦєгУНчУцЫЎгЁ,systemSetting.security.waterMarkEnable,ENABLEWATERMARK,type|inputType|columnSpan|controlWidth,boolean|switch|2|150px,
sysSecurityWaterMarkSettingsForm,WATERMARKCONTENT,ЫЎгЁФкШн,systemSetting.security.waterMarkContent,WATERMARKCONTENT,type|inputType|maxLength|extra,string|area|60|systemSetting.security.waterMarkTips,
sysSecurityCharSettingsForm,,baseInfo,,TEST,type|cols|isResponsive|divider,collapse|2|false|false,
sysSecurityCharSettingsForm,NEEDCONTAINCHARTYPES,,,NEEDCONTAINCHARTYPES,type|options|showTitle|columnSpan,checkbox|0:systemSetting.security.field.upperCaseChar;1:systemSetting.security.field.lowerCaseChar;2:systemSetting.security.field.numChar;3:systemSetting.security.field.specialChar|false|2,
sysEmailServerManageForm,,baseInfo,,TEST,type|cols|isResponsive|divider,collapse|2|false|false,
sysEmailServerManageForm,mailAddress,ЗЂМўЕижЗ,systemSetting.emailServer.field.mailAddress,FROMADDRESS,type|typeValue|showTitle|columnSpan|controlWidth,string|string|true|2|150px,
sysEmailServerManageForm,mailUser,гУЛЇУћ,systemSetting.emailServer.field.mailUser,USERNAME,type|typeValue|showTitle|columnSpan|controlWidth,string|string|true|2|150px,
sysEmailServerManageForm,mailPass,УмТы,systemSetting.emailServer.field.mailPass,PASSWORD,type|inputType|showTitle|columnSpan|controlWidth,string|password|true|2|150px,
sysEmailServerManageForm,smtpServer,SMTP,systemSetting.emailServer.field.smtpServer,SMTP,type|typeValue|showTitle|columnSpan|controlWidth,string|string|true|2|150px,
sysEmailServerManageForm,withWarningMessage,ЦєгУЭтПЭаХМўОЏгя,systemSetting.emailServer.field.withWarningMessage,ISSHOWWARN,type|inputType|columnSpan|controlWidth,boolean|switch|2|150px,
sysEditionRuleForm,,baseInfo,,TEST,type|cols|isResponsive|divider,collapse|2|false|false,
sysEditionRuleForm,REVISETYPE,REVISETYPE,workbench.calendar.form.priority,REVISETYPE,type|options|showTitle|columnSpan,radiobox|0:systemSetting.revisionRule.content.letter;1:systemSetting.revisionRule.content.number;2:systemSetting.revisionRule.content.custom|false|2,
sysEditionRuleForm,REVISEVALUE,,,REVISEVALUE,type|inputType|showTitle|enableExpression|columnSpan|controlWidth,string|area|false|$REVISETYPE =='2'|1|300px,
sysConstraintRuleAddForm,TEST,sysConstraintRuleAddForm,,TEST,type|cols|isResponsive|divider,collapse|1|false|false,
sysConstraintRuleAddForm,ID,ЙцдђБрКХ,ЙцдђБрКХ,ID,type|typeValue,string|string,
sysConstraintRuleAddForm,NAME,ЙцдђУћГЦ,ЙцдђУћГЦ,NAME,type|typeValue,string|string,
sysConstraintRuleAddForm,TYPE,ЙцдђРраЭ,ЙцдђРраЭ,TYPE,type|optionSource|selectIndex,combo|/SysModel/CommonModel/listOptions?type=$type&classGuid=$classGuid&className=$className&guid=$guid|0,
sysConstraintRuleAddForm,MESSAGE,MESSAGE,???,MESSAGE,type|typeValue|maxLength,string|area|100,
sysConstraintRuleAddForm,REVISETYPE,ЪЧЗёжБНгЦєгУЙц,?ЪЧЗёжБНгЦєгУЙц,REVISETYPE,type|options|showTitle,radiobox|0:workbench.calendar.form.priorityOptions.important0;1:workbench.calendar.form.priorityOptions.important1|true,
sysConstraintRuleAddForm,template,ЕквЛдМЪј,ЕквЛдМЪј,template,type|optionSource|selectIndex,combo|/SysModel/CommonModel/listOptions?type=$type&classGuid=$classGuid&className=$className&guid=$guid|0,
tempSysBomTemplateForm,title,БъЬт,systemSetting.bomTemplate.field.title,TITLE,TITLE,,
tempSysBomTemplateForm,viewClass,ЪгЭМРр,systemSetting.bomTemplate.field.viewClass,VIEWCLASSNAME,required|type|optionSource,true|combo|/relationTemplate/listViewClass,
tempSysBomTemplateForm,structureClass,НсЙЙРр,systemSetting.bomTemplate.field.strucClass,STRUCTURECLASSNAME,required|type|optionSource,true|combo|/relationTemplate/listStructureClass,
tempSysBomTemplateForm,sequenceStart,SequenceПЊЪМжЕ,systemSetting.bomTemplate.field.sequenceStart,SEQUENCESTART,,,
tempSysBomTemplateForm,sequenceIncrement,SequenceдіГЄЗљЖШ,systemSetting.bomTemplate.field.sequenceIncrement,SEQUENCEINCREMENT,,,
tempSysBomTemplateForm,SEQUENCEPAD,SequenceзѓВЙ0,systemSetting.bomTemplate.field.sequenceLeftPad0,SEQUENCEPAD,type|inputType,boolean|switch,
tempSysBomTemplateForm,sequencePadLength,SequenceВЙ0ГЄЖШ,systemSetting.bomTemplate.field.sequencePadLength,SEQUENCELENGTH,,,
tempSysBomTemplateForm,insertWithSequence,ЦєгУЫГвЦВхШы,systemSetting.bomTemplate.field.insertWithSequence,MOVEFORWARD,type|inputType,boolean|switch,
tempSysBomTemplateForm,elecPartDesignatorCheck,ЦєгУЕчзгСЯЮЛКХЪ§СПаЃбщ,systemSetting.bomTemplate.field.elecPartDesignatorCheck,CHECKDESIGNATOR,type|inputType,boolean|switch,
tempSysBomTemplateForm,allowSameMaster,ЪЧЗёдЪаэЯрЭЌЕФзгНзжїЮяСЯ,systemSetting.bomTemplate.field.allowSameMaster,ISINCORPORATEDMASTER,type|inputType,boolean|switch,
tempSysBomTemplateForm,designatorSplitChar,ЮЛКХЗжИюЗћ,systemSetting.bomTemplate.field.designatorSplitChar,DESIGNATORSEPARATOR,,,
tempSysNewBomTemplateForm,templateName,ФЃАхУћГЦ,systemSetting.bomTemplate.field.name,TEMPLATENAME,required,true,
tempSysNewBomTemplateForm,title,БъЬт,systemSetting.bomTemplate.field.title,TITLE,required,true
tempSysNewBomTemplateForm,viewClass,ЪгЭМРр,systemSetting.bomTemplate.field.viewClass,VIEWCLASSNAME,type|optionSource|required,combo|/relationTemplate/listViewClass,
tempSysNewBomTemplateForm,structureClass,НсЙЙРр,systemSetting.bomTemplate.field.strucClass,STRUCTURECLASSNAME,type|optionSource|required,combo|/relationTemplate/listStructureClass|true,
tempSysNewBomTemplateForm,SEQUENCESTART,SequenceПЊЪМжЕ,systemSetting.bomTemplate.field.sequenceStart,SEQUENCESTART,,,
tempSysNewBomTemplateForm,SEQUENCEINCREMENT,SequenceдіГЄЗљЖШ,systemSetting.bomTemplate.field.sequenceIncrement,SEQUENCEINCREMENT,,,
tempSysNewBomTemplateForm,SEQUENCEPAD,SequenceзѓВЙ0,systemSetting.bomTemplate.field.sequenceLeftPad0,SEQUENCEPAD,type|inputType,boolean|switch,
tempSysNewBomTemplateForm,SEQUENCELENGTH,SequenceВЙ0ГЄЖШ,systemSetting.bomTemplate.field.sequencePadLength,SEQUENCELENGTH,,,
tempSysNewBomTemplateForm,insertWithSequence,ЦєгУЫГвЦВхШы,systemSetting.bomTemplate.field.insertWithSequence,MOVEFORWARD,type|inputType,boolean|switch,
tempSysNewBomTemplateForm,elecPartDesignatorCheck,ЦєгУЕчзгСЯЮЛКХЪ§СПаЃбщ,systemSetting.bomTemplate.field.elecPartDesignatorCheck,CHECKDESIGNATOR,type|inputType,boolean|switch,
tempSysNewBomTemplateForm,allowSameMaster,ЪЧЗёдЪаэЯрЭЌЕФзгНзжїЮяСЯ,systemSetting.bomTemplate.field.allowSameMaster,ISINCORPORATEDMASTER,type|inputType,boolean|switch,
tempSysNewBomTemplateForm,designatorSplitChar,ЮЛКХЗжИюЗћ,systemSetting.bomTemplate.field.designatorSplitChar,DESIGNATORSEPARATOR,,,
tempSysOrganizationStructureEditGroupForm,ID,зщБрКХ,зщБрКХ,ID,,,
tempSysOrganizationStructureEditGroupForm,NAME,зтУћГЦ,зтУћГЦ,NAME,,,
tempSysOrganizationStructureEditGroupForm,model,вЕЮёФЃаЭ,вЕЮёФЃаЭ,model,,,
tempSysOrganizationStructureEditGroupForm,calendar,ЪЙгУШеРњ,ЪЙгУШеРњ,calendar,,,
tempSysOrganizationStructureEditGroupForm,publicStore,ЙЋЙВПт,ЙЋЙВПт,publicStore,,,
tempSysOrganizationStructureEditGroupForm,description,УшЪі,УшЪі,description,,,
sysNewRelationTemplateTopForm,TEMPLATENAME,ФЃАхУћГЦ,systemSetting.bomTemplate.field.name,TEMPLATENAME,required|maxLength,true|30,
sysNewRelationTemplateTopForm,TITLE,END1БъЬт,systemSetting.relationTemplate.field.end1Title,TITLE,type|required|maxByteLength,multilingual|true|256,
sysNewRelationTemplateTopForm,FROMEND2TITLE,END2БъЬт,systemSetting.relationTemplate.field.end2Title,FROMEND2TITLE,type|required|maxByteLength,multilingual|true|256,
sysNewRelationTemplateTopForm,SHOWINRELATEDVIEW,ЪЧЗёЯдЪОдкЙиСЊЖдЯѓвГЧЉ,systemSetting.relationTemplate.field.isShowAssociatedObjectTab,SHOWINRELATEDVIEW,type|options|showTitle|columnSpan|labelseat|defaultValue,checkbox|Y:systemSetting.relationTemplate.field.isShowAssociatedObjectTab;|false|2|true|Y,
sysNewRelationTemplateTopForm,CANOPPOSITE,ЪЧЗёЯдЪОЗДЯђЙиСЊ,systemSetting.relationTemplate.field.isShowDisplayReverseCorrelation,CANOPPOSITE,type|options|showTitle|columnSpan|labelseat,checkbox|Y:systemSetting.relationTemplate.field.isShowDisplayReverseCorrelation;|false|2|true,
sysNewRelationTemplateTopForm,SHOWINSUMMARYVIEW,ЪЧЗёЯдЪОдкзлКЯЪгЭМжа,systemSetting.relationTemplate.field.showInSummary,SHOWINSUMMARYVIEW,type|options|showTitle|columnSpan|labelseat,checkbox|Y:systemSetting.relationTemplate.field.showInSummary;|false|2|true,
sysNewRelationTemplateTopForm,STRUCTUREMODEL,ЙиСЊРраЭ,systemSetting.relationTemplate.field.type,STRUCTUREMODEL,type|options|required|defaultValue,radiobox|0:systemSetting.bomTemplate.field.listStructure;1:systemSetting.bomTemplate.field.treeStructure|true|0,
sysNewRelationTemplateTopForm,VIEWCLASSGUID,ЪгЭМРр,systemSetting.relationTemplate.field.viewClass,VIEWCLASSGUID,required|type|optionSource|required,true|combo|/relationTemplate/listViewClass|true,
sysNewRelationTemplateTopForm,STRUCTURECLASSGUID,НсЙЙРр,systemSetting.relationTemplate.field.strucClass,STRUCTURECLASSGUID,required|type|optionSource,true|combo|/relationTemplate/listStructureClass,
sysNewRelationTemplateTopForm,END2TYPE,згНзРраЭ,systemSetting.relationTemplate.field.suborderType,END2TYPE,required|type|options|defaultValue|help,true|radiobox|1:systemSetting.relationTemplate.field.mainObject;2:systemSetting.relationTemplate.field.version;3:systemSetting.relationTemplate.field.latestVersionTimeOfRelease|1|systemSetting.bomTemplate.prompt.end2Type,
sysNewRelationTemplateTopForm,MAXQUANTITY,згНззюДѓЪЕР§Ъ§,systemSetting.relationTemplate.field.maxEnd2Cnt,MAXQUANTITY,type|typeValue|min|required|defaultValue|maxByteLength|pattern,numerical|integer|0|true|0|10|^[0-9]+$,
sysNewRelationTemplateTopEditForm,TEMPLATENAME,ФЃАхУћГЦ,systemSetting.bomTemplate.field.name,TEMPLATENAME,required|maxLength|editable,true|30|false,
sysNewRelationTemplateTopEditForm,TITLE,END1БъЬт,systemSetting.relationTemplate.field.end1Title,TITLE,required|type|maxByteLength,true|multilingual|256,
sysNewRelationTemplateTopEditForm,FROMEND2TITLE,END2БъЬт,systemSetting.relationTemplate.field.end2Title,FROMEND2TITLE,required|type|maxByteLength,false|multilingual|256,
sysNewRelationTemplateTopEditForm,SHOWINRELATEDVIEW,ЪЧЗёЯдЪОдкЙиСЊЖдЯѓвГЧЉ,systemSetting.relationTemplate.field.isShowAssociatedObjectTab,SHOWINRELATEDVIEW,type|options|showTitle|columnSpan|labelseat|defaultValue,checkbox|Y:systemSetting.relationTemplate.field.isShowAssociatedObjectTab;|false|2|true|Y,
sysNewRelationTemplateTopEditForm,CANOPPOSITE,ЪЧЗёЯдЪОЗДЯђЙиСЊ,systemSetting.relationTemplate.field.isShowDisplayReverseCorrelation,CANOPPOSITE,type|options|showTitle|columnSpan|labelseat,checkbox|Y:systemSetting.relationTemplate.field.isShowDisplayReverseCorrelation;|false|2|true,
sysNewRelationTemplateTopEditForm,SHOWINSUMMARYVIEW,ЪЧЗёЯдЪОдкзлКЯЪгЭМжа,systemSetting.relationTemplate.field.showInSummary,SHOWINSUMMARYVIEW,type|options|showTitle|columnSpan|labelseat,checkbox|Y:systemSetting.relationTemplate.field.showInSummary;|false|2|true,
sysNewRelationTemplateTopEditForm,STRUCTUREMODEL,ЙиСЊРраЭ,systemSetting.relationTemplate.field.type,STRUCTUREMODEL,type|options|required|defaultValue,radiobox|0:systemSetting.bomTemplate.field.listStructure;1:systemSetting.bomTemplate.field.treeStructure|true|0,
sysNewRelationTemplateTopEditForm,VIEWCLASSGUID,ЪгЭМРр,systemSetting.relationTemplate.field.viewClass,VIEWCLASSGUID,required|type|optionSource|required|editable,true|combo|/relationTemplate/listViewClass|true|false,
sysNewRelationTemplateTopEditForm,STRUCTURECLASSGUID,НсЙЙРр,systemSetting.relationTemplate.field.strucClass,STRUCTURECLASSGUID,required|type|optionSource|editable,true|combo|/relationTemplate/listStructureClass|false,
sysNewRelationTemplateTopEditForm,END2TYPE,згНзРраЭ,systemSetting.relationTemplate.field.suborderType,END2TYPE,required|type|options|defaultValue|help,true|radiobox|1:systemSetting.relationTemplate.field.mainObject;2:systemSetting.relationTemplate.field.version;3:systemSetting.relationTemplate.field.latestVersionTimeOfRelease|1|systemSetting.bomTemplate.prompt.end2Type,
sysNewRelationTemplateTopEditForm,MAXQUANTITY,згНззюДѓЪЕР§Ъ§,systemSetting.relationTemplate.field.maxEnd2Cnt,MAXQUANTITY,type|typeValue|min|required|defaultValue|max|pattern,numerical|integer|0|true|0|9999999999|^[0-9]+$,
sysNewRelationTemplateMiddleForm,REVISETRIGGER,ЙиСЊаоЖЉ,ЙиСЊаоЖЉ,REVISETRIGGER,type|options|showTitle|columnSpan|labelseat,checkbox|Y:systemSetting.relationTemplate.field.triggerNewRevision;|false|2|true,
sysNewRelationTemplateMiddleForm,SAVEASTRIGGER,ЙиСЊСэДц,ЙиСЊСэДц,SAVEASTRIGGER,type|options|showTitle|columnSpan|labelseat,checkbox|Y:systemSetting.relationTemplate.field.triggerSaveAs;|false|2|true,
sysNewRelationTemplateMiddleForm,CHECKINTRIGGER,ЙиСЊМьШы,ЙиСЊМьШы,CHECKINTRIGGER,type|options|showTitle|columnSpan|labelseat,checkbox|Y:systemSetting.relationTemplate.field.triggerCheckIn;|false|2|true,
sysNewRelationTemplateMiddleForm,CHECKOUTTRIGGER,ЙиСЊМьГі,ЙиСЊМьГі,CHECKOUTTRIGGER,type|options|showTitle|columnSpan|labelseat,checkbox|Y:systemSetting.relationTemplate.field.triggerCheckout;|false|2|true,
sysNewRelationTemplateMiddleForm,TRASCHKOUTTRIGGER,вЦНЛМьГі,ЙиСЊвЦНЛМьГі,TRASCHKOUTTRIGGER,type|options|showTitle|columnSpan|labelseat,checkbox|Y:systemSetting.relationTemplate.field.triggerTransCheckout;|false|2|true,
sysNewRelationTemplateMiddleForm,CANCELCHKOUTTRIGGER,ШЁЯћМьГі,ЙиСЊШЁЯћМьГі,CANCELCHKOUTTRIGGER,type|options|showTitle|columnSpan|labelseat,checkbox|Y:systemSetting.relationTemplate.field.triggerCancelCheckout;|false|2|true,
sysNewRelationTemplateMiddleForm,CHANGELOCATIONTRIGGER,ИФБфЮЛжУ,ЙиСЊИФБфЮЛжУ,CHANGELOCATIONTRIGGER,type|options|showTitle|columnSpan|labelseat,checkbox|Y:systemSetting.relationTemplate.field.triggerChangeLocation;|false|2|true,
sysNewRelationTemplateMiddleForm,DELETETRIGGER,ЩОГ§,ЙиСЊЩОГ§,DELETETRIGGER,type|options|showTitle|columnSpan|labelseat,checkbox|Y:systemSetting.relationTemplate.field.triggerDelete;|false|2|true,
sysNewRelationTemplateBottomForm,REMARK,БИзЂ,common.field.remark,REMARK,type|inputType|maxLength,string|area|60,
tempSysNewUserForm,userId,аеУћ,systemSetting.organization.userManagment.field.userId,USERID,required,true,
tempSysNewUserForm,userName,гЪМў,systemSetting.organization.userManagment.field.userName,USERNAME,required,true,
tempSysNewUserForm,mail,ЕчЛА,systemSetting.organization.userManagment.field.mail,EMAIL,,,
tempSysNewUserForm,telephone,вЦЖЏЕчЛА,systemSetting.organization.userManagment.field.telephone,TEL,,,
tempSysNewUserForm,mobilePhone,ЙњМв/ЕиЧј,systemSetting.organization.userManagment.field.mobilePhone,MOBILE,,,
tempSysNewUserForm,country,ГЧЪа,systemSetting.organization.userManagment.field.country,COUNTRY,,,
tempSysNewUserForm,city,ЕижЗ,systemSetting.organization.userManagment.field.city,CITY,,,
tempSysNewUserForm,address,гЪБр,systemSetting.organization.userManagment.field.address,ADDRESS,,,
tempSysNewUserForm,zipCode,ДЋец,systemSetting.organization.userManagment.field.zipCode,ZIPCODE,,,
tempSysNewUserForm,fax,БрКХ,systemSetting.organization.userManagment.field.fax,FAX,,,
tempSysNewMilestoneForm,TYPEGUID,РяГЬБЎРраЭ,systemSetting.milestone.milestoneType,TYPEGUID,required|maxByteLength,true|32,
tempSysNewMilestoneForm,CHECKPOINTNUM,ЙиПЈЪ§СП,systemSetting.milestone.NumberOflevels,CHECKPOINTNUM,type|typeValue|min|max|required,numerical|integer|1|20|true,
tempSysNewMilestoneForm,DESCRIPTION,УшЪі,basic.system.field.illustrate,DESCRIPTION,maxByteLength,64,
sysSetWorkDateForm,week,УПжмПЊЪМгк,systemSetting.calender.field.WeekStartsOn,week,required|type|showTitle|options,true|combo|true|2:systemSetting.calender.commonTitle.Monday;3:systemSetting.calender.commonTitle.Tuesday;4:systemSetting.calender.commonTitle.Wednesday;5:systemSetting.calender.commonTitle.Thursday;6:systemSetting.calender.commonTitle.Friday;7:systemSetting.calender.commonTitle.Saturday;1:systemSetting.calender.commonTitle.Sunday,
sysSetWorkDateForm,year,ВЦЮёФъЖШПЊЪМгк,systemSetting.calender.field.FinancialYearStartsOn,year,required|type|showTitle|options,false|combo|true|1:systemSetting.calender.field.January;2:systemSetting.calender.field.February;3:systemSetting.calender.field.March;4:systemSetting.calender.field.April;5:systemSetting.calender.field.May;6:systemSetting.calender.field.June;7:systemSetting.calender.field.July;8:systemSetting.calender.field.August;9:systemSetting.calender.field.September;10:systemSetting.calender.field.October;11:systemSetting.calender.field.November;12:systemSetting.calender.field.December,
sysSetWorkDateForm,start,ПЊЪМЪБМф,systemSetting.calender.field.startTime,start,required|type,false|time,
sysSetWorkDateForm,end,НсЪјЪБМф,systemSetting.calender.field.EndTime,end,required|type,false|time,
sysSetWorkDateForm,rest,анЯЂШе,systemSetting.calender.field.RestDay,rest,required|type|showTitle|options,false|checkbox|true|2:systemSetting.calender.commonTitle.Monday;3:systemSetting.calender.commonTitle.Tuesday;4:systemSetting.calender.commonTitle.Wednesday;5:systemSetting.calender.commonTitle.Thursday;6:systemSetting.calender.commonTitle.Friday;7:systemSetting.calender.commonTitle.Saturday;1:systemSetting.calender.commonTitle.Sunday,
sysExceptionDateDetailsForm,startTime,ПЊЪМ,systemSetting.calender.commonTitle.Start,startTime,editable|type,true|date,
sysExceptionDateDetailsForm,endTime,НсЪј,systemSetting.calender.commonTitle.End,endTime,editable|type,true|date,
tempSysNewMilestoneCheckPointForm,CHECKPOINTNAME,УћГЦ,systemSetting.milestone.milestoneType,CHECKPOINTNAME,required,true,
tempSysNewMilestoneCheckPointForm,DESCRIPTION,ЙиПЈЪ§СП,systemSetting.milestone.NumberOflevels,,,
tempSysNewRoleForm,roleId,БрКХ,systemSetting.organization.roleManagement.field.roleId,ROLEID,required,true,
tempSysNewRoleForm,roleName,УћГЦ,systemSetting.organization.roleManagement.field.roleName,ROLENAME,required,true,
tempSysNewRoleForm,description,УшЪі,systemSetting.organization.roleManagement.field.description,DESCRIPTION,,,
tempSysNewOrganizationForm,groupId,УћГЦ,systemSetting.organization.orgzManagement.field.groupId,GROUPID,required,true,
tempSysNewOrganizationForm,groupName,УшЪі,systemSetting.organization.orgzManagement.field.groupName,GROUPNAME,required,true,
tempSysNewOrganizationForm,description,БъЬт,systemSetting.organization.orgzManagement.field.description,DESCRIPTION,,,
tempSysEditOrganizationForm,roleId,РраЭ,systemSetting.organization.roleManagement.field.roleId,GROUPID,,,
tempSysEditOrganizationForm,roleName,УћГЦ,systemSetting.organization.roleManagement.field.roleName,GROUPNAME,,,
tempSysEditOrganizationForm,description,зщТы,systemSetting.organization.roleManagement.field.description,DESCRIPTION,,,
sysCodeNewForm,CODENAME,УшЪі,systemSetting.codeManagement.field.name,CODENAME,required|maxByteLength|pattern|patternMessage,true|20|^[A-Za-z0-9_\-.!@#$%&+=()]+$|common.validator.modelNameIllegal,
sysCodeNewForm,DESCRIPTION,БъЬт,systemSetting.codeManagement.field.description,DESCRIPTION,,,
sysCodeNewForm,TITLE,УћГЦ,systemSetting.codeManagement.field.title,TITLE,required|type|maxByteLength,true|multilingual|256,
sysCodeNewForm,CODETYPE,РраЭ,systemSetting.codeManagement.field.codeType,CODETYPE,type|options|required|defaultValue,combo|1:Tree;2:List|true|2,
sysCodeEditForm,CODENAME,УшЪі,systemSetting.codeManagement.field.name,CODENAME,type|required|editable,string|true|false,
sysCodeEditForm,DESCRIPTION,БъЬт,systemSetting.codeManagement.field.description,DESCRIPTION,,,
sysCodeEditForm,TITLE,УћГЦ,systemSetting.codeManagement.field.title,TITLE,required|type|maxByteLength,true|multilingual|256,
sysCodeEditForm,CODETYPE,РраЭ,systemSetting.codeManagement.field.codeType,CODETYPE,type|options|required|defaultValue|editable,combo|1:Tree;2:List|true|2|false,
sysCodeItemForm,PARENTITEM,ИИЯю,systemSetting.codeManagement.field.parent,PARENTITEM,required|editable|visiableExpression,true|false|$CODETYPE=='1'
sysCodeItemForm,ITEMNAME,УћГЦ,systemSetting.codeManagement.field.name,ITEMNAME,required|maxByteLength|pattern|patternMessage,true|20|^[A-Za-z0-9_\-.!@#$%&+=()]+$|common.validator.modelNameIllegal,
sysCodeItemForm,TITLE,БъЬт,systemSetting.codeManagement.field.title,TITLE,required|type|maxByteLength,true|multilingual|256,
sysCodeItemForm,CODE,зщТы,systemSetting.codeManagement.field.itemCode,CODE,required|maxByteLength,true|20,
sysCodeItemForm,DESCRIPTION,УшЪі,systemSetting.codeManagement.field.description,DESCRIPTION,maxByteLength,80,
tempSysNewCodeForm,name,ЖЈжЦЛЏРрУћГЦ,systemSetting.codeManagement.field.name,CODENAME,required,true,
tempSysNewCodeForm,description,BOM,systemSetting.codeManagement.field.description,DESCRIPTION,,,
tempSysNewCodeForm,title,ЪїаЮНсЙЙ,systemSetting.codeManagement.field.title,TITLE,required,true,
tempSysNewCodeForm,codeType,СаБэНсЙЙ,systemSetting.codeManagement.field.codeType,CODETYPE,type|options|required|selectIndex,combo|1:Tree;2:List|true|1,
sysAddBusinessForm,END1CLASSGUID,ИИНзЖдЯѓ,systemSetting.bomTemplate.field.parentLevelObject,END1CLASSGUID,type|optionSource|codeType|required,combo|/relationTemplate/listClass|Tree|true,
sysAddBusinessForm,END2CLASSGUIDLIST,згНзЖдЯѓ,systemSetting.bomTemplate.field.subordinateObject,END2CLASSGUIDLIST,type|optionSource|codeType|isMultiple|required,combo|/relationTemplate/listClass|Tree|true|true,
sysAddBusinessForm,END2UNIQUEFIELDS,згНзЮЈвЛадЬѕМў,systemSetting.bomTemplate.field.suborderUniquenessCondition,END2UNIQUEFIELDS,type|optionSource|isMultiple|required|prefix,combo|/relationTemplate/listUniqueSubOptions?templateGuid=$GUID|true|false|systemSetting.bomTemplate.field.subItemPartNumber,
sysAddBusinessForm,FIELDFORRECORDHASEND2,МЧТМДцдкзгНзЕФзжЖЮ,systemSetting.relationTemplate.field.recordFieldsWithSubOrders,FIELDFORRECORDHASEND2,type|optionSource|isCascade|relatedField,combo|/relationTemplate/listBooleanFields?end1ClassGuid=$END1CLASSGUID?.['key'] ?? $END1CLASSGUID?.['value'] ?? $END1CLASSGUID|true|END1CLASSGUID,
sysEditBusinessForm,END1CLASSGUID,ИИНзЖдЯѓ,systemSetting.bomTemplate.field.parentLevelObject,END1CLASSGUID,type|optionSource|codeType|required|editable,combo|/relationTemplate/listClass|Tree|true|false,
sysEditBusinessForm,END2CLASSGUIDLIST,згНзЖдЯѓ,systemSetting.bomTemplate.field.subordinateObject,END2CLASSGUIDLIST,type|optionSource|codeType|isMultiple|required,combo|/relationTemplate/listClass|Tree|true|true,
sysEditBusinessForm,END2UNIQUEFIELDS,згНзЮЈвЛадЬѕМў,systemSetting.bomTemplate.field.suborderUniquenessCondition,END2UNIQUEFIELDS,type|optionSource|isMultiple|required|prefix,combo|/relationTemplate/listUniqueSubOptions?templateGuid=$GUID|true|false|systemSetting.bomTemplate.field.subItemPartNumber,
sysEditBusinessForm,FIELDFORRECORDHASEND2,МЧТМДцдкзгНзЕФзжЖЮ,systemSetting.relationTemplate.field.recordFieldsWithSubOrders,FIELDFORRECORDHASEND2,type|optionSource|isCascade|relatedField,combo|/relationTemplate/listBooleanFields?end1ClassGuid=$END1CLASSGUID?.['key'] ?? $END1CLASSGUID?.['value'] ?? $END1CLASSGUID|true|END1CLASSGUID,
tempSysReportFormsForm,reportTemplateName,ЗжРрЗжзщ,systemSetting.bomTemplate.field.reportTemplateName,BOMREPORTTEMPLATENAME,required,true,
tempSysReportFormsForm,customizedClassName,ЛузмЗжзщ,systemSetting.bomTemplate.field.customizedClassName,BOMSCRIPTFILENAME,,,
tempSysReportFormsForm,BOM,ФЃАхУћГЦ,BOM,BOMREPORTTEMPLATE,type|inputType,boolean|switch,
tempSysReportFormsForm,treeStructure,ФЃАхБрКХ,systemSetting.bomTemplate.field.treeStructure,BOMREPORTEXPORTBOMTREE,type|inputType,boolean|switch,
tempSysReportFormsForm,listStructure,СїГЬ,systemSetting.bomTemplate.field.listStructure,BOMREPORTEXPORTBOMLIST,type|inputType,boolean|switch,
tempSysReportFormsForm,groupByBusiness,БъЬт,systemSetting.bomTemplate.field.groupByBusiness,BOMREPORTEXPORTBO,type|inputType,boolean|switch,
tempSysReportFormsForm,groupByClassification,ЪЧЗёашвЊжДааШЫ,systemSetting.bomTemplate.field.groupByClassification,BOMREPORTEXPORTCLASSIFICATION,type|inputType,boolean|switch,
tempSysReportFormsForm,groupBySummary,baseInfo,systemSetting.bomTemplate.field.groupBySummary,BOMREPORTEXPORTBOORCL,type|inputType,boolean|switch,
sysWFTemplateSettingForm, ,baseInfo,,,type|isResponsive|cols|divider,collapse|false|4|false
sysWFTemplateSettingForm,PROCESSNAME,СїГЬ,systemSetting.workflowTemplate.detail.field.workflow,WFNAME,type|optionSource|columnSpan|required|selectIndex|enableExpression,combo|/workflowTemplate/listWfTemplateModel|3|true|0|!$GUID
sysWFTemplateSettingForm,TITLE,БъЬт,systemSetting.workflowTemplate.detail.field.workflowTitle,TITLE,type|columnSpan|required|maxLength,multilingual|2|true|256
sysWFTemplateSettingForm,REQUIRED_EXECUTOR,,,REQUIRED_EXECUTOR,type|options|showTitle|columnSpan|defaultValue|help,checkbox|Y:systemSetting.workflowTemplate.detail.field.needExecutor|false|2|Y|systemSetting.workflowTemplate.detail.prompt.needExecutor
sysWFTemplateSettingForm,AVAILABLE_SCOPE,ПЩгУЖдЯѓМАЗжРр,systemSetting.workflowTemplate.detail.field.canUse,AVAILABLE_SCOPE,type|columnSpan|customOpenClick|delAction|expression|height|required|showAddIcon,object|4|selectAvailableObject|delAvailableObject|${title}|100px|true|false
sysWFTemplateSettingForm,RELATION_SCOPE,ЙиСЊЙиЯЕ,systemSetting.workflowTemplate.detail.field.relationTemp,RELATION_SCOPE,type|isCascade|relatedField|optionSource|columnSpan|height|codeType|isMultiple,combo|true|AVAILABLE_SCOPE|/workflowTemplate/listRelationTemplateInfo?end1BoGuidList=$AVAILABLE_SCOPE?.map(i=>i.origin).map(j=>j.BOGUID)|4|100px|Tree|true
sysWFTemplateSettingForm,LAUNCH_SCOPE,ПЩЗЂЦ№ЖдЯѓМАЗжРр,systemSetting.workflowTemplate.detail.field.canSubmit,LAUNCH_SCOPE,type|columnSpan|customOpenClick|delAction|expression|required|height|showAddIcon,object|4|selectLaunchObject|delLaunchObject|${title}|true|100px|false
sysWFTemplateSettingForm,AVAILABLE_USERS,ПЩгУШЫдБ,systemSetting.workflowTemplate.detail.field.permission,AVAILABLE_USERS,type|typeValue|inputType|isMultiple|columnSpan|types|disabledRigParent|disabledGroupsParent,user|IUser|tag|true|2|USER;ROLE;RIG;GROUP|true|true
sysWFTemplateSettingForm,OBSERVERS,ЙлВьдБ,systemSetting.workflowTemplate.detail.field.observer,OBSERVERS,type|typeValue|inputType|isMultiple|columnSpan|types|help|disabledRigParent|disabledGroupsParent,user|IUser|tag|true|2|USER;ROLE;RIG;GROUP|systemSetting.workflowTemplate.detail.prompt.observer|true|true
sysWFTemplateSettingForm,STARTNOTIFIERS,СїГЬЦєЖЏКѓЭЈжЊШЫдБ,systemSetting.workflowTemplate.detail.field.notifyAfterSubmitted,START_NOTIFIERS,type|typeValue|inputType|isMultiple|columnSpan|types|disabledRigParent|disabledGroupsParent,user|IUser|tag|true|2|USER;ROLE;RIG;GROUP|true|true
sysWFTemplateSettingForm,ENDNOTIFIERS,СїГЬНсЪјКѓЭЈжЊШЫдБ,systemSetting.workflowTemplate.detail.field.notifyAfterFinished,END_NOTIFIERS,type|typeValue|inputType|isMultiple|columnSpan|types|disabledRigParent|disabledGroupsParent,user|IUser|tag|true|2|USER;ROLE;RIG;GROUP|true|true
sysWFTemplateSettingForm,ISNOTIFYINITIATOR,,,NOTIFY_INITIATOR,type|options|showTitle|columnSpan|defaultValue,checkbox|Y:systemSetting.workflowTemplate.detail.field.notifyPromoterAfterFinished|false|4|Y
sysWFTemplateSettingForm,ISNOTIFYEXECUTOR,,,NOTIFY_EXECUTOR,type|options|showTitle|columnSpan|defaultValue,checkbox|Y:systemSetting.workflowTemplate.detail.field.notifyEXECUTORAfterFinished|false|4|N
sysWFActivitySettingForm, ,baseInfo,,,type|isResponsive|cols|divider,collapse|false|4|false
sysWFActivitySettingForm,PROCESSNAME,ЛюЖЏУћГЦ,systemSetting.workflowTemplate.activitySetting.field.name,NAME,type|columnSpan|editable,string|1|false
sysWFActivitySettingForm,TITLE-1,ЛюЖЏБъЬт,systemSetting.workflowTemplate.activitySetting.field.title,TITLE,type|columnSpan|help|visiableExpression|maxLength,multilingual|2|systemSetting.workflowTemplate.activitySetting.prompt.activityTitle|`$NAME!=='Notice'`|64
sysWFActivitySettingForm,TITLE-2,ЛюЖЏБъЬт,systemSetting.workflowTemplate.activitySetting.field.title,TITLE,type|columnSpan|help|visiableExpression|maxLength,multilingual|3|systemSetting.workflowTemplate.activitySetting.prompt.activityTitle|`$NAME==='Notice'`|64
sysWFActivitySettingForm,IS_PASSED,ЪЧЗёдЪаэЬјЙ§,,IS_PASSED,type|options|showTitle|columnSpan|labelSeat|visiableExpression,checkbox|Y:systemSetting.workflowTemplate.activitySetting.field.canSkip|false|1|false|`$NAME!=='Notice'`
sysWFActivitySettingForm,IS_REQUIREDCOMMENTWHENREJECT,ОмОјЪБЩѓХњвтМћБиЬю,,IS_REQUIREDCOMMENTWHENREJECT,type|options|showTitle|columnSpan|labelSeat|visiableExpression|defaultValue,checkbox|Y:systemSetting.workflowTemplate.activitySetting.field.IS_REQUIRE|false|1|false|`$NAME!=='Notice'`|Y
sysWFActivitySettingForm,PLANNING_CYCLE_DAYS,МЦЛЎжмЦк,systemSetting.workflowTemplate.activitySetting.field.planeDuration,PLANNING_CYCLE_DAYS,type|typeValue|min|max|required|columnSpan|defaultValue|visiableExpression,numerical|integer|0|20|true|1|0|`$NAME!=='Notice'`
sysWFActivitySettingForm,OVER_TIME_ACTION,ГЌЦкЖЏзї,systemSetting.workflowTemplate.activitySetting.field.actionWhenOver,OVER_TIME_ACTION,type|options|selectIndex|required|columnSpan|help|visiableExpression,combo|1:systemSetting.workflowTemplate.activitySetting.field.finish;2:systemSetting.workflowTemplate.activitySetting.field.wait;3:systemSetting.workflowTemplate.activitySetting.field.autoSkip|3|true|1|systemSetting.workflowTemplate.activitySetting.prompt.actionWhenOver|`$NAME!=='Notice'`
sysWFActivitySettingForm,ACTIVITY_TYPE,ЛюЖЏРраЭ,systemSetting.workflowTemplate.activitySetting.field.type,ACTIVITY_TYPE,type|options|selectIndex|required|columnSpan|help|visiableExpression,combo|0:Or;1:And|0|true|1|systemSetting.workflowTemplate.activitySetting.prompt.type|`$NAME!=='Notice'`
sysWFActivitySettingForm,PASSAGE_PERCENT,ЭЈЙ§АйЗжБШ,systemSetting.workflowTemplate.activitySetting.field.passPercentage,PASSAGE_PERCENT,type|typeValue|min|max|required|columnSpan|defaultValue|visiableExpression,numerical|integer|0|100|true|1|100|`$NAME!=='Notice'`
sysWFActivitySettingForm,PER_SCOPE_TYPE,жДааШЫ,systemSetting.workflowTemplate.activitySetting.field.executor,PER_SCOPE_TYPE,type|columnSpan|labelSeat|options|height|selectIndex|help,combo|1|false|1:systemSetting.workflowTemplate.activitySetting.field.assign;2:systemSetting.workflowTemplate.activitySetting.field.scope|100px|0|systemSetting.workflowTemplate.activitySetting.prompt.executor
sysWFActivitySettingForm,EXECUTOR_LIST,жИЖЈжДааШЫ,,EXECUTOR_LIST,type|typeValue|inputType|isMultiple|columnSpan|types|showTitle|height|disabledRigParent|disabledGroupsParent,user|IUser|tag|true|3|USER;ROLE;RIG;GROUP|false|100px|true|true
sysWFActivitySettingForm,BEFORE_CLOSE_DAYS,ОрНижСЪБМф,systemSetting.workflowTemplate.activitySetting.field.daysToDeadline,BEFORE_CLOSE_DAYS,type|typeValue|min|required|columnSpan|defaultValue|help|visiableExpression,numerical|integer|0|true|1|0|systemSetting.workflowTemplate.activitySetting.prompt.daysToDeadline|`$NAME!=='Notice'`
sysWFActivitySettingForm,BEFORE_CLOSE_NOTIFIERS,ЭЈжЊШЫдБ,systemSetting.workflowTemplate.activitySetting.field.notifyUser,BEFORE_CLOSE_NOTIFIERS,type|typeValue|inputType|isMultiple|columnSpan|types|visiableExpression|height|disabledRigParent|disabledGroupsParent,user|IUser|tag|true|3|USER;ROLE;RIG;GROUP|`$NAME!=='Notice'`|100px|true|true
sysWFActivitySettingForm,BEFORE_CLOSE_NOTICE_SETTING,,,BEFORE_CLOSE_NOTICE_SETTING,type|options|showTitle|defaultValue|columnSpan|visiableExpression,checkbox|HASEXECUTOR:systemSetting.workflowTemplate.activitySetting.field.notifyExecutor;HASLEADER:systemSetting.workflowTemplate.activitySetting.field.notifyExecutorLeader;HASORGANIGER:systemSetting.workflowTemplate.activitySetting.field.notifyPromoter;HASOBSERVER:systemSetting.workflowTemplate.activitySetting.field.notifyObserver|false|HASEXECUTOR|4|`$NAME!=='Notice'`
sysWFActivitySettingForm,AFTER_CLOSE_DAYS,ГЌНижСЪБМф,systemSetting.workflowTemplate.activitySetting.field.overDeadline,AFTER_CLOSE_DAYS,type|typeValue|min|required|columnSpan|defaultValue|help|visiableExpression,numerical|integer|0|true|1|0|systemSetting.workflowTemplate.activitySetting.prompt.overDeadline|`$NAME!=='Notice'`
sysWFActivitySettingForm,AFTER_CLOSE_NOTIFIERS,ЭЈжЊШЫдБ,systemSetting.workflowTemplate.activitySetting.field.notifyUser,AFTER_CLOSE_NOTIFIERS,type|typeValue|inputType|isMultiple|columnSpan|types|visiableExpression|height|disabledRigParent|disabledGroupsParent,user|IUser|tag|true|3|USER;ROLE;RIG;GROUP|`$NAME!=='Notice'`|100px|true|true
sysWFActivitySettingForm,AFTER_CLOSE_NOTICE_SETTING,,,AFTER_CLOSE_NOTICE_SETTING,type|options|showTitle|defaultValue|columnSpan|visiableExpression,checkbox|HASEXECUTOR:systemSetting.workflowTemplate.activitySetting.field.notifyExecutor;HASLEADER:systemSetting.workflowTemplate.activitySetting.field.notifyExecutorLeader;HASORGANIGER:systemSetting.workflowTemplate.activitySetting.field.notifyPromoter;HASOBSERVER:systemSetting.workflowTemplate.activitySetting.field.notifyObserver|false|HASEXECUTOR;HASLEADER;HASORGANIGER;HASOBSERVER|4|`$NAME!=='Notice'`
sysWFErpIntegrateForm, ,baseInfo,,,type|isResponsive|cols|divider,collapse|false|1|false
sysWFErpIntegrateForm,TRANSFER_SCOPE,ХззЊЖдЯѓЗЖЮЇ,systemSetting.workflowTemplate.erpIntegrate.objectScope,TRANSFER_SCOPE,type|options|columnSpan|defaultValue,radiobox|0:systemSetting.workflowTemplate.erpIntegrate.master;1:systemSetting.workflowTemplate.erpIntegrate.all|1|0
sysWFErpIntegrateForm,ERP_CONFIG,МЏГЩФЃАх,systemSetting.workflowTemplate.erpIntegrate.template,ERP_CONFIG,type|optionSource|columnSpan,combo|/workflowTemplate/listErpConfig|1,
sysWFErpIntegrateForm,COMPANY_LIST,дЫгЊжааФ,systemSetting.workflowTemplate.erpIntegrate.company,COMPANY_LIST,type|isCascade|relatedField|optionSource|columnSpan|codeType|isMultiple,combo|true|ERP_CONFIG|/workflowTemplate/listErpCompany?erpConfigGuid=$ERP_CONFIG.origObject['GUID']|1|Tree|true
sysPermiSimUserForm, ,baseInfo,,TEST,type|isResponsive|cols|divider,collapse|false|4|false,
sysPermiSimUserForm,ORGANIZATION_TYPE,гУЛЇРраЭ,systemSetting.permission.field.userType,ORGANIZATION_TYPE,type|options|defaultValue|required,combo|USER:User;GROUP:Group;ROLE:Role;RIG:Rig|USER|true,
sysPermiSimUserForm,ORGANIZATION,ЙиСЊгУЛЇРраЭ,workflow.field.template,ORGANIZATION,type|showTitle|labelSeat|optionSource|codeType|isCascade|relatedField|enableExpression|required,combo|false|false|/permissions/listOrganizationTree?nodeGuid=$nodeGuid&allLevel=Y&type=$related|Tree|true|ORGANIZATION_TYPE|$ORGANIZATION_TYPE|true,
sysPermiSimulationForm, ,baseInfo,,TEST,type|isResponsive|cols|divider,collapse|false|5|false,
sysPermiSimulationForm,BUSINESS_OBJECT,вЕЮёЖдЯѓ,systemSetting.permission.field.businessObject,BUSINESS_OBJECT,type|editable|required,combo|false|true,
sysPermiSimulationForm,OWNER_GROUP,ЫљЪєзщ,systemSetting.permission.field.groupIn,OWNER_GROUP,type|optionSource|codeType|defaultValue|required,combo|/permissions/listGroupTree?nodeGuid=$key&allLevel=Y|Tree|ALL|true,
sysPermiSimulationForm,CLASSIFICATION,ЗжРр,common.field.classification,CLASSIFICATION,type|optionSource|codeType|defaultValue|required,combo|/permissions/listClassificationTree?classGuid=$classGuid&nodeGuid=$key&allLevel=Y|Tree|ALL|true,
sysPermiSimulationForm,LIFECYCLE,ЩњУќжмЦк,systemSetting.permission.field.lifecycle,LIFECYCLE,type|optionSource|defaultValue|required,combo|/permissions/listLifeCyclePhase?classGuid=$classGuid|ALL|true,
sysPermiSimulationForm,STATUS,зДЬЌ,common.field.status,STATUS,type|options|defaultValue|required,combo|ALL:ALL;WIP:basic.system.state.WIP;ECP:basic.system.state.ECP;PRE:basic.system.state.PRE;RLS:basic.system.state.RLS;OBS:basic.system.state.OBS|ALL|true,
sysPermiSimTableForm, ,baseInfo,,TEST,type|isResponsive|cols|divider,collapse|false|4|false,
sysPermiSimTableForm,RESULT,ШЈЯоМЦЫуНсЙћ,systemSetting.permission.title.calculateResult,RESULT,type|showTitle|columnSpan|labelSeat,merge-table|false|4|false,
sysPermiQueryForm,,baseInfo,,TEST,type|isResponsive|cols|divider,collapse|false|1|false,
sysPermiQueryForm,user,гУЛЇ,common.aasModal.type.user,USER,type|editable|controlWidth|placeholder|required,user|true|15%|systemSetting.permission.placeholder.userIdAndName|true,
sysPermiQueryForm,object,Ъ§ОнЖдЯѓ,systemSetting.permission.field.dataObject,OBJECT,type|controlWidth|dataSource|placeholder|required|baseUri|showAddIcon|searchShowAddCollect|typeValue|menuDataSource,object|15%|/Common/IAdvSearchService/listItemsOfAdvSearch|systemSetting.permission.placeholder.objectIdAndName|true|pdm|false|true|FoundationObject|/Common/IAdvSearchService/listMenuItemsOfAdvSearch,
sysPermiQueryForm,RESULT,ШЈЯоВщбЏБэИё,systemSetting.permission.title.calculateResult,RESULT,type|showTitle|columnSpan|labelSeat,query-table|false|1|false,
sysPermiConditionForm, ,baseInfo,,TEST,type|isResponsive|cols|divider,collapse|false|2|false,
sysPermiConditionForm,BUSINESS_OBJECT,вЕЮёЖдЯѓ,systemSetting.permission.field.businessObject,BUSINESS_OBJECT,type|editable|columnSpan|required,combo|false|2|true,
sysPermiConditionForm,OWNER_GROUP,ЫљЪєзщ,systemSetting.permission.field.groupIn,OWNER_GROUP,type|optionSource|codeType|defaultValue|columnSpan|required,combo|/permissions/listGroupTree?nodeGuid=$key&allLevel=Y|Tree|ALL|2|true,
sysPermiConditionForm,CLASSIFICATION,ЗжРр,common.field.classification,CLASSIFICATION,type|optionSource|codeType|defaultValue|columnSpan|required,combo|/permissions/listClassificationTree?classGuid=$classGuid&nodeGuid=$key&allLevel=Y|Tree|ALL|2|true,
sysPermiConditionForm,LIFECYCLE,ЩњУќжмЦк,systemSetting.permission.field.lifecycle,LIFECYCLE,type|optionSource|defaultValue|columnSpan|required,combo|/permissions/listLifeCyclePhase?classGuid=$classGuid|ALL|2|true,
sysPermiConditionForm,STATUS,зДЬЌ,common.field.status,STATUS,type|options|defaultValue|columnSpan|required,combo|ALL:ALL;WIP:basic.system.state.WIP;ECP:basic.system.state.ECP;PRE:basic.system.state.PRE;RLS:basic.system.state.RLS;OBS:basic.system.state.OBS|ALL|2|true,
sysPermiConditionForm,ORGANIZATION_TYPE,гУЛЇРраЭ,systemSetting.permission.field.userType,ORGANIZATION_TYPE,type|options|defaultValue|columnSpan|required,combo|USER:User;OWNER:Owner;GROUP:Group;ROLE:Role;RIG:Rig;OTHERS:Others|USER|1|true,
sysPermiConditionForm,ORGANIZATION,ЙиСЊгУЛЇРраЭ,workflow.field.template,ORGANIZATION,type|showTitle|labelSeat|optionSource|codeType|isCascade|relatedField|enableExpression|columnSpan|required|visiableExpression,combo|false|false|/permissions/listOrganizationTree?nodeGuid=$nodeGuid&allLevel=Y&type=$related|Tree|true|ORGANIZATION_TYPE|$ORGANIZATION_TYPE|1|true|`$ORGANIZATION_TYPE && $ORGANIZATION_TYPE['value']!='OWNER' && $ORGANIZATION_TYPE['value']!='OTHERS'`,
sysNewTransferForm,TransOriginClass,зЊЛЛдДРр,systemSetting.conversion.convertSetting.field.CADType,transOriginClass,type|required|optionSource|selectIndex,combo|true|/transformConfigurate/listOrigClass?interfaceName=$key|0,
sysNewTransferForm,CLASSIFICATION,зЊЛЛЗНЪН,systemSetting.conversion.convertSetting.field.convertMethod,CLASSIFICATION$,type|required|optionSource|selectIndex,combo|true|/model/listOptions?type=code&codeName=TransScheme|0,
sysNewTransferForm,TransType,зЊЛЛРраЭ,systemSetting.conversion.convertSetting.field.convertType,TRANSTYPE,type|isCascade|relatedField|required|optionSource|selectIndex,combo|true|transOriginClass|true|/transformConfigurate/listTransformTypeItems?CADAPPGUID=$guid&GUID=$related|0,
sysNewTransferForm,Target,зЊЛЛФПБъ,systemSetting.conversion.convertSetting.field.convertTarget,TARGET,type|isCascade|relatedField|required|optionSource|selectIndex|visiableExpression,combo|true|transType|true|/transformConfigurate/listTransTargetOptionsByType?transTypeGuid=$related|0|`!($TRANSTYPE&&($TRANSTYPE['transTypeName'])&&($TRANSTYPE['transTypeName']?.toUpperCase()?.includes('3DOPEN')||$TRANSTYPE['transTypeName']?.toUpperCase()?.includes('SCS')))`,
sysNewTransferForm_,TransOriginClassfn,ЗжРр,common.field.classification,TransOriginClassfn,type|optionSource|codeType|visiableExpression|isCascade|relatedField,combo|/transformConfigurate/listClassification?classGuid=$related|Tree|($TRANSORIGINCLASS&&$TRANSORIGINCLASS['hasClassification']===true)&&($CLASSIFICATION$&&$CLASSIFICATION$['itemName']==='Workflow')|true|transOriginClass,
sysNewTransferForm,Permissions,зЊЛЛШЈЯо,systemSetting.conversion.convertSetting.field.convertPermission,permissions,type|typeValue|inputType|isMultiple|visiableExpression|columnspace,user|IUser|tag|true|`$CLASSIFICATION$&&($CLASSIFICATION$['itemName']==='Manual')`|1,
sysNewTransferForm,signatureScheme,ЧЉеТЗНАИ,systemSetting.conversion.convertSetting.field.signatureScheme,SIGNATURESCHEME,type|optionSource|visiableExpression,combo|/transformConfigurate/listSignatureScheme|($TRANSTYPE&&$TRANSTYPE['DestFileExtension']==='pdf')&&($CLASSIFICATION$&&($CLASSIFICATION$['itemName']!=='Workflow')),
sysNewTransferForm,CheckinTrigger,МьШы,systemSetting.conversion.convertSetting.field.checkin,checkinTrigger,type|inputType|visiableExpression|defaultValue,boolean|switch|`($CLASSIFICATION$&&($CLASSIFICATION$['itemName']==='Object'))`|Y,
sysNewTransferForm,WORKFLOWACTRTS,СїГЬХфжУ,systemSetting.conversion.convertSetting.field.workflowConfiguration,WORKFLOWACTRTS,type|labelSeat|showTitle|visiableExpression|generalParam,transfer-table|false|true|`$CLASSIFICATION$&&($CLASSIFICATION$['itemName']==='Workflow')`|commandName=sysNewTransferWorkflowSettingCommand,
sysNewTransferForm,TARGETCLASSGUID,ФПБъдДРр,systemSetting.conversion.convertSetting.field.targetClass,TARGETCLASSGUID,type|optionSource|required|visiableExpression|isCascade|relatedField,combo|/transformConfigurate/listTransTargetObjOptions?origClassGuid=$related|true|`$TARGET&&$TARGET['itemname']==='Object'`|true|TRANSORIGINCLASS,
sysNewTransferForm,FIELDMAPPINGLIST,зЊЛЛЖдЯѓ,systemSetting.conversion.convertSetting.field.convertObject,FIELDMAPPINGLIST,type|labelSeat|showTitle|visiableExpression|generalParam,transfer-table|false|true|`$TARGET&&$TARGET['itemname']==='Object'`|commandName=sysTransferObjectCommand,
sysEditTransferForm,TransOriginClass,зЊЛЛдДРр,systemSetting.conversion.convertSetting.field.CADType,transOriginClass,type|required|optionSource,combo|true|/transformConfigurate/listOrigClass?interfaceName=$key,
sysEditTransferForm,CLASSIFICATION,зЊЛЛЗНЪН,systemSetting.conversion.convertSetting.field.convertMethod,CLASSIFICATION$,type|required|optionSource,combo|true|/model/listOptions?type=code&codeName=TransScheme,
sysEditTransferForm,TransType,зЊЛЛРраЭ,systemSetting.conversion.convertSetting.field.convertType,TRANSTYPE,type|isCascade|relatedField|required|optionSource,combo|true|transOriginClass|true|/transformConfigurate/listTransformTypeItems?CADAPPGUID=$guid&GUID=$related,
sysEditTransferForm,Target,зЊЛЛФПБъ,systemSetting.conversion.convertSetting.field.convertTarget,target,type|isCascade|relatedField|required|optionSource|visiableExpression,combo|true|transType|true|/transformConfigurate/listTransTargetOptionsByType?transTypeGuid=$related|`!($TRANSTYPE&&($TRANSTYPE['transTypeName'])&&($TRANSTYPE['transTypeName']?.toUpperCase()?.includes('3DOPEN')||$TRANSTYPE['transTypeName']?.toUpperCase()?.includes('SCS')))`,
sysEditTransferForm_,TransOriginClassfn,ЗжРр,common.field.classification,TransOriginClassfn,type|optionSource|codeType|visiableExpression|isCascade|relatedField,combo|/transformConfigurate/listClassification?classGuid=$related|Tree|($TRANSORIGINCLASS&&$TRANSORIGINCLASS['hasClassification']===true)&&($CLASSIFICATION$&&$CLASSIFICATION$['itemName']==='Workflow')|true|transOriginClass,
sysEditTransferForm,Permissions,зЊЛЛШЈЯо,systemSetting.conversion.convertSetting.field.convertPermission,permissions,type|typeValue|inputType|isMultiple|visiableExpression|columnspace,user|IUser|tag|true|`$CLASSIFICATION$&&($CLASSIFICATION$['itemName']==='Manual')`|1,
sysEditTransferForm,signatureScheme,ЧЉеТЗНАИ,systemSetting.conversion.convertSetting.field.signatureScheme,SIGNATURESCHEME,type|optionSource|visiableExpression,combo|/transformConfigurate/listSignatureScheme|($TRANSTYPE&&$TRANSTYPE['DestFileExtension']==='pdf')&&($CLASSIFICATION$&&($CLASSIFICATION$['itemName']!=='Workflow')),
sysEditTransferForm,CheckinTrigger,МьШы,systemSetting.conversion.convertSetting.field.checkin,checkinTrigger,type|inputType|visiableExpression|defaultValue,boolean|switch|`($CLASSIFICATION$&&($CLASSIFICATION$['itemName']==='Object'))`|Y,
sysEditTransferForm,WORKFLOWACTRTS,СїГЬХфжУ,systemSetting.conversion.convertSetting.field.workflowConfiguration,WORKFLOWACTRTS,type|labelSeat|showTitle|visiableExpression|generalParam,transfer-table|false|true|`$CLASSIFICATION$&&($CLASSIFICATION$['itemName']==='Workflow')`|commandName=sysNewTransferWorkflowSettingCommand,
sysEditTransferForm,TARGETCLASSGUID,ФПБъдДРр,systemSetting.conversion.convertSetting.field.targetClass,TARGETCLASSGUID,type|optionSource|required|visiableExpression|isCascade|relatedField,combo|/transformConfigurate/listTransTargetObjOptions?origClassGuid=$related|true|`$TARGET&&$TARGET['itemname']==='Object'`|true|TRANSORIGINCLASS,
sysEditTransferForm,FIELDMAPPINGLIST,зЊЛЛЖдЯѓ,systemSetting.conversion.convertSetting.field.convertObject,FIELDMAPPINGLIST,type|labelSeat|showTitle|visiableExpression|generalParam,transfer-table|false|true|`$TARGET&&$TARGET['itemname']==='Object'`|commandName=sysTransferObjectCommand,
sysClassificationToolbarForm,taskObject,вЕЮёЖдЯѓ,systemSetting.classification.commonTitle.BusinessObject,taskObject,type|optionSource|codeType|editable|selectIndex,combo|/model/listClassTree?allLevel=Y&hasClassification=Y|Tree|true|0,
sysClassificationToolbarForm,code,ЗжРрТыЖЮ,systemSetting.classification.commonTitle.classificationCode,code,editable,false,
sysClassificationAddCodeSegmentForm,,baseInfo,,TEST,type|cols|isResponsive|divider,collapse|1|false|true,
sysClassificationAddCodeSegmentForm,type,ТыЖЮРраЭ,systemSetting.classification.field.codeType,type,editable|required|type|showTitle|divider|options,true|true|combo|true|true|fixed:systemSetting.classification.field.fixed:::sysAddCodeSegmentFixedCharacterForm;field:systemSetting.classification.field.field:::sysAddCodeSegmentFiledForm;date:systemSetting.classification.field.date:::sysAddCodeSegmentDateForm;datetime:systemSetting.classification.field.time:::sysAddCodeSegmentTimeForm;Serial:systemSetting.classification.field.WaterFlowCode:::sysAddCodeSegmentFixedSerialCodeForm
sysAddCodeSegmentFixedCharacterForm,CADENAME,ТыЖЮУћГЦ,systemSetting.classification.field.codeName,SEGMENTNAME,editable|required|maxLength,true|true|10,
sysAddCodeSegmentFixedCharacterForm,TYPEFIXED,РраЭжЕ,systemSetting.classification.field.TypeValue,TYPEFIXED,editable|defaultValue,false|String,
sysAddCodeSegmentFixedCharacterForm,TYPEVALUE,ШЁжЕ,systemSetting.classification.field.Values,TYPEVALUE,editable|maxLength|required,true|10|true,
sysAddCodeSegmentFixedCharacterForm,LENGTH,ГЄЖШ,systemSetting.classification.field.length,LENGTH,editable,false,
sysAddCodeSegmentFixedCharacterForm,PRECODE,ЧАЗжИєЗћ,systemSetting.classification.field.frontSeparator,PRECODE,editable|maxLength,true|20,
sysAddCodeSegmentFixedCharacterForm,BACKCODE,КѓЗжИєЗћ,systemSetting.classification.field.postSeparator,BACKCODE,editable|maxLength,true|20,
sysAddCodeSegmentFiledForm,FILED,зжЖЮ,systemSetting.classification.field.field,FIELDNAME,editable|labelSeat|type|required,true|false|add-code-field-table|true,
sysAddCodeSegmentFiledForm,SEGEHTHAME,ТыЖЮУћГЦ,systemSetting.classification.field.codeName,SEGMENTNAME,editable|required|maxLength,true|true|10,
sysAddCodeSegmentFiledForm,TYPEFIXED,РраЭжЕ,systemSetting.classification.field.TypeValue,TYPEFIXED,editable,false,
sysAddCodeSegmentFiledForm,TYPEVALUE-1,ШЁжЕ,systemSetting.classification.field.Values,TYPEVALUE,visiableExpression|required|enableExpression|type|options|editable,`$TYPEFIXED!='CODE'`|false|`$TYPEFIXED=='CODE'`|combo|NAME:systemSetting.classification.commonTitle.codeName;CODE:systemSetting.classification.commonTitle.code;TITLE_EN:systemSetting.classification.commonTitle.englishTitle;TITLE_ZH_CN:systemSetting.classification.commonTitle.simplifiedChineseTitle;TITLE_ZH_TW:systemSetting.classification.commonTitle.traditionalChineseTitle|true,
sysAddCodeSegmentFiledForm,TYPEVALUE-2,ШЁжЕ,systemSetting.classification.field.Values,TYPEVALUE,visiableExpression|required|enableExpression|type|options|editable,`$TYPEFIXED=='CODE'`|true|`$TYPEFIXED=='CODE'`|combo|NAME:systemSetting.classification.commonTitle.codeName;CODE:systemSetting.classification.commonTitle.code;TITLE_EN:systemSetting.classification.commonTitle.englishTitle;TITLE_ZH_CN:systemSetting.classification.commonTitle.simplifiedChineseTitle;TITLE_ZH_TW:systemSetting.classification.commonTitle.traditionalChineseTitle|true,
sysAddCodeSegmentFiledForm,LENGTH,ГЄЖШ,systemSetting.classification.field.length,LENGTH,type|typeValue|min|max,numerical|integer|0|99,
sysAddCodeSegmentFiledForm,LENGTHCOMPENSATE,ГЄЖШВЙГЅ,systemSetting.classification.field.lengthCompensation,LENGTHCOMPENSATE,editable|type|help,true|add-code-length-form|systemSetting.classification.message.limited
sysAddCodeSegmentFiledForm,PRECODE,ЧАЗжИєЗћ,systemSetting.classification.field.frontSeparator,PRECODE,editable|maxLength,true|20,
sysAddCodeSegmentFiledForm,BACKCODE,КѓЗжИєЗћ,systemSetting.classification.field.postSeparator,BACKCODE,editable|maxLength,true|20,
sysAddCodeSegmentDateForm,CADENAME,ТыЖЮУћГЦ,systemSetting.classification.field.codeName,SEGMENTNAME,editable|required|maxLength,true|true|10,
sysAddCodeSegmentDateForm,TYPEFIXED,РраЭжЕ,systemSetting.classification.field.TypeValue,TYPEFIXED,editable|defaultValue,false|Date,
sysAddCodeSegmentDateForm,TYPEVALUE,ШЁжЕ,systemSetting.classification.field.Values,TYPEVALUE,required|type|divider|options|selectIndex,true|combo|true|yyMMdd:yyMMdd;yy-MM-dd:yy-MM-dd;yyyy/MM/dd:yyyy/MM/dd;yyyyMMdd:yyyyMMdd;yyyy-MM-dd:yyyy-MM-dd;yyyy/MM/dd:yyyy/MM/dd|3,
sysAddCodeSegmentDateForm,LENGTH,ГЄЖШ,systemSetting.classification.field.length,LENGTH,type|typeValue|min|max|editable,numerical|integer|0|99|false,
sysAddCodeSegmentDateForm,PRECODE,ЧАЗжИєЗћ,systemSetting.classification.field.frontSeparator,PRECODE,editable|maxLength,true|20,
sysAddCodeSegmentDateForm,BACKCODE,КѓЗжИєЗћ,systemSetting.classification.field.postSeparator,BACKCODE,editable|maxLength,true|20,
sysAddCodeSegmentTimeForm,CADENAME,ТыЖЮУћГЦ,systemSetting.classification.field.codeName,SEGMENTNAME,editable|required|maxLength,true|true|10,
sysAddCodeSegmentTimeForm,TYPEFIXED,РраЭжЕ,systemSetting.classification.field.TypeValue,TYPEFIXED,editable|defaultValue,false|Time,
sysAddCodeSegmentTimeForm,TYPEVALUE,ШЁжЕ,systemSetting.classification.field.Values,TYPEVALUE,required|type|divider|optionSource|selectIndex,true|combo|true|/classfication/getTimeFormatOption|2,
sysAddCodeSegmentTimeForm,LENGTH,ГЄЖШ,systemSetting.classification.field.length,LENGTH,type|typeValue|min|max|editable,numerical|integer|0|99|false,
sysAddCodeSegmentTimeForm,PRECODE,ЧАЗжИєЗћ,systemSetting.classification.field.frontSeparator,PRECODE,editable|maxLength,true|20,
sysAddCodeSegmentTimeForm,BACKCODE,КѓЗжИєЗћ,systemSetting.classification.field.postSeparator,BACKCODE,editable|maxLength,true|20,
sysAddCodeSegmentFixedSerialCodeForm,CADENAME,ТыЖЮУћГЦ,systemSetting.classification.field.codeName,SEGMENTNAME,editable|required|maxLength,true|true|10,
sysAddCodeSegmentFixedSerialCodeForm,TYPEFIXED,РраЭжЕ,systemSetting.classification.field.TypeValue,TYPEFIXED,editable|labelSeat|type,true|false|add-serial-code-table,
sysAddCodeSegmentFixedSerialCodeForm,TYPEVALUE,ШЁжЕ,systemSetting.classification.field.Values,TYPEVALUE,editable|required|maxLength|type|pattern|patternMessage,true|true|10|add-serial-code-value|`^\d{1,10}$`|systemSetting.classification.message.NotExceedingTendigits,
sysAddCodeSegmentFixedSerialCodeForm,LENGTH,ГЄЖШ,systemSetting.classification.field.length,LENGTH,type|typeValue|editable,numerical|integer|false,
sysAddCodeSegmentFixedSerialCodeForm,PRECODE,ЧАЗжИєЗћ,systemSetting.classification.field.frontSeparator,PRECODE,editable|maxLength,true|20,
sysAddCodeSegmentFixedSerialCodeForm,BACKCODE,КѓЗжИєЗћ,systemSetting.classification.field.postSeparator,BACKCODE,editable|maxLength,true|20,
sysAddCodeSegmentCodeLengthCorrectForm,,baseInfo,,TEST,type|cols|isResponsive|divider,collapse|2|false|false,
sysAddCodeSegmentCodeLengthCorrectForm,LENGTHcompensate,ГЄЖШВЙГЅЗНЯђ,systemSetting.classification.field.lengthCompensationDirection,LENGTHcompensate,type|options|editable|defaultValue,combo|0:systemSetting.classification.message.leftSide;1:systemSetting.classification.message.rightSide|true|0,
sysAddCodeSegmentCodeLengthCorrectForm,compensateCode,ВЙГЅзжЗћ,systemSetting.classification.field.CompensationCharacter,compensateCode,editable|maxLength|pattern,true|1|^[a-zA-Z0-9]+$,
sysAddCodeSegmentCodeLengthCorrectForm,filedSpilt,зжЖЮНиШЁЗНЯђ,systemSetting.classification.field.FieldTruncationDirection,filedSpilt,type|options|editable|defaultValue,combo|0:systemSetting.classification.message.leftSide;1:systemSetting.classification.message.rightSide|true|0,
sysNewFlowForm,wfTemplateName,СїГЬУћГЦ,systemSetting.conversion.convertSetting.field.processName,WFTEMPLATE,required|type|optionSource,true|combo|/transformConfigurate/listProcessTemplateByClass?className=$className&classificationGuid=$TRANSORIGINCLASSFN,
sysNewFlowForm,actrtName,СїГЬНкЕу,systemSetting.conversion.convertSetting.field.processNode,ACTRT,required|type|isCascade|optionSource|relatedField|enableExpression,true|combo|true|/transformConfigurate/listProcessTemplateActivity?wfTemplateGuid=$related|WFTEMPLATE|$WFTEMPLATE,
sysNewFlowForm,signatureScheme,ЧЉеТЗНАИ,systemSetting.conversion.convertSetting.field.signatureScheme,SIGNATURESCHEME,type|optionSource|visiableExpression,combo|/transformConfigurate/listSignatureScheme|$transtypeExtension==='pdf',
sysNewTransferObjectForm,fromFieldName,РДдДзжЖЮ,systemSetting.conversion.convertSetting.field.sourceField,OrigField,required|type|optionSource,true|combo|/transformConfigurate/listFields?classGuid=$sourceClassGuid&className=$sourceClassName,
sysNewTransferObjectForm,toFieldName,ФПБъзжЖЮ,systemSetting.conversion.convertSetting.field.targetField,DestField,required|type|optionSource,true|combo|/transformConfigurate/listFields?classGuid=$TARGETCLASSGUID&className=$targetClassName,
sysNewSignForm,SOLUTIONNAME,ЧЉеТУћГЦ,systemSetting.conversion.signatureScheme.field.signatureName,SOLUTIONNAME,required|maxLength,true|42,
sysNewParamDrawerForm,,baseInfo,ВЮЪ§аХЯЂ,TEST,type|cols|isResponsive|divider,collapse|1|false|true,
sysNewParamDrawerForm,name,ВЮЪ§УћГЦ,systemSetting.conversion.signatureScheme.field.parameterName,NAME$,required,true,
sysNewParamDrawerForm,ParamOrigin,ВЮЪ§РДдД,systemSetting.conversion.signatureScheme.field.parameterSource,PARAMORIGIN,type|required|optionSource,combo|true|/model/listOptions?type=code&codeName=SignatureParamOrigin,
sysNewParamDrawerForm,ParamClassGuid,вЕЮёЖдЯѓ,systemSetting.conversion.signatureScheme.field.businessObject,ParamClassGuid,type|required|visiableExpression|optionSource,combo|true|`$PARAMORIGIN&&($PARAMORIGIN['code']==='01')`|/transformConfigurate/listOrigClassForSigParam,
sysNewParamDrawerForm,FieldNames-1,ЖдЯѓзжЖЮ,systemSetting.conversion.signatureScheme.field.objectField,FieldNames,required|visiableExpression|type|optionSource|isCascade|relatedField,true|`$PARAMORIGIN&&($PARAMORIGIN['code']==='01')`|combo|/transformConfigurate/listFields?classGuid=$related|true|PARAMCLASSGUID,
sysNewParamDrawerForm,SignatureType-1,ЧЉеТРраЭ,systemSetting.conversion.signatureScheme.field.signatureType,SignatureType,type|optionSource|visiableExpression,combo|/model/listOptions?type=code&codeName=SignatureType|`$PARAMORIGIN&&($PARAMORIGIN['code']==='01')&&($FIELDNAMES&&$FIELDNAMES['REALTYPE$']==='USER')`,
sysNewParamDrawerForm,WfTemplateName,СїГЬУћГЦ,systemSetting.conversion.signatureScheme.field.processName,WfTemplateName,type|optionSource|visiableExpression,combo|/transformConfigurate/listRunnableProcessTemplate|`$PARAMORIGIN&&($PARAMORIGIN['code']==='02')`,
sysNewParamDrawerForm,WfActrtName,СїГЬНкЕу,systemSetting.conversion.signatureScheme.field.processNode,WfActrtName,type|optionSource|visiableExpression|isCascade|relatedField,combo|/transformConfigurate/listProcessTemplateActivity?wfTemplateGuid=$related    |`$PARAMORIGIN&&($PARAMORIGIN['code']==='02')`|true|WfTemplateName,
sysNewParamDrawerForm,WfActrtParamType,ВЮЪ§бЁдё,systemSetting.conversion.signatureScheme.field.parameterSelection,WfActrtParamType,type|optionSource|visiableExpression,combo|/model/listOptions?type=code&codeName=ActrtParamType|`$PARAMORIGIN&&($PARAMORIGIN['code']==='02')`,
sysNewParamDrawerForm,DatePattern-1,ШеЦкРраЭ,systemSetting.conversion.signatureScheme.field.dateType,DatePattern,visiableExpression|defaultValue|required,`$PARAMORIGIN&&($PARAMORIGIN['code']==='01')&&($FIELDNAMES&&$FIELDNAMES['REALTYPE$']==='Datetime')`|yy-MM-dd|true,
sysNewParamDrawerForm,DatePattern-2,ШеЦкРраЭ,systemSetting.conversion.signatureScheme.field.dateType,DatePattern,visiableExpression|defaultValue|required,`($PARAMORIGIN&&$PARAMORIGIN['code']==='02')&&($WFACTRTPARAMTYPE&&$WFACTRTPARAMTYPE['code']==='02')`|yy-MM-dd|true,
sysNewParamDrawerForm,SignatureType-2,ЧЉеТРраЭ,systemSetting.conversion.signatureScheme.field.signatureType,SignatureType,type|visiableExpression|optionSource,combo|`($PARAMORIGIN&&$PARAMORIGIN['code']==='02')&&($WFACTRTPARAMTYPE&&$WFACTRTPARAMTYPE['code']==='01')`|/model/listOptions?type=code&codeName=SignatureType,
sysNewParamDrawerForm,Image,ЭМЦЌ,systemSetting.conversion.signatureScheme.field.image,Image,visiableExpression|type|maxSize,`$PARAMORIGIN&&($PARAMORIGIN['code']==='03')`|image|1048576,
sysNewParamDrawerForm,FieldNames-2,КЯГЩзжЖЮ,systemSetting.conversion.signatureScheme.field.compositeField,FieldNames,type|visiableExpression|generalParam,transfer-table|`$PARAMORIGIN&&($PARAMORIGIN['code']==='04')`|commandName=sysCompositeFieldCommand,
sysNewParamForm,name,ВЮЪ§УћГЦ,systemSetting.conversion.signatureScheme.field.parameterName,NAME$,required|maxByteLength,true|128,
sysNewParamForm,ParamOrigin,ВЮЪ§РДдД,systemSetting.conversion.signatureScheme.field.parameterSource,PARAMORIGIN,type|required|optionSource,combo|true|/model/listOptions?type=code&codeName=SignatureParamOrigin,
sysNewParamForm,ParamClassGuid,вЕЮёЖдЯѓ,systemSetting.conversion.signatureScheme.field.businessObject,ParamClassGuid,type|required|visiableExpression|optionSource,combo|true|`$PARAMORIGIN&&($PARAMORIGIN['code']==='01')||$PARAMORIGIN&&($PARAMORIGIN['code']==='04')`|/transformConfigurate/listOrigClassForSigParam,
sysNewParamForm,FieldNames-1,ЖдЯѓзжЖЮ,systemSetting.conversion.signatureScheme.field.objectField,FieldNames,required|visiableExpression|type|optionSource|isCascade|relatedField,true|`$PARAMORIGIN&&($PARAMORIGIN['code']==='01')`|combo|/transformConfigurate/listFields?classGuid=$related|true|PARAMCLASSGUID,
sysNewParamForm,SignatureType-1,ЧЉеТРраЭ,systemSetting.conversion.signatureScheme.field.signatureType,SignatureType,type|optionSource|visiableExpression,combo|/model/listOptions?type=code&codeName=SignatureType|`$PARAMORIGIN&&($PARAMORIGIN['code']==='01')&&($FIELDNAMES&&$FIELDNAMES['REALTYPE$']==='USER')`,
sysNewParamForm,WfTemplateName,СїГЬУћГЦ,systemSetting.conversion.signatureScheme.field.processName,WfTemplateName,required|type|optionSource|visiableExpression,true|combo|/transformConfigurate/listRunnableProcessTemplate|`$PARAMORIGIN&&($PARAMORIGIN['code']==='02')`,
sysNewParamForm,WfActrtName,СїГЬНкЕу,systemSetting.conversion.signatureScheme.field.processNode,WfActrtName,required|type|optionSource|visiableExpression|isCascade|relatedField,true|combo|/transformConfigurate/listProcessTemplateActivity?wfTemplateGuid=$related    |`$PARAMORIGIN&&($PARAMORIGIN['code']==='02')`|true|WfTemplateName,
sysNewParamForm,WfActrtParamType,ВЮЪ§бЁдё,systemSetting.conversion.signatureScheme.field.parameterSelection,WfActrtParamType,required|type|optionSource|visiableExpression,true|combo|/model/listOptions?type=code&codeName=ActrtParamType|`$PARAMORIGIN&&($PARAMORIGIN['code']==='02')`,
sysNewParamForm,DatePattern-1,ШеЦкРраЭ,systemSetting.conversion.signatureScheme.field.dateType,DatePattern,visiableExpression|defaultValue|required,`$PARAMORIGIN&&($PARAMORIGIN['code']==='01')&&($FIELDNAMES&&$FIELDNAMES['REALTYPE$']==='Datetime')`|yy-MM-dd|true,
sysNewParamForm,DatePattern-2,ШеЦкРраЭ,systemSetting.conversion.signatureScheme.field.dateType,DatePattern,visiableExpression|defaultValue|required,`($PARAMORIGIN&&$PARAMORIGIN['code']==='02')&&($WFACTRTPARAMTYPE&&$WFACTRTPARAMTYPE['code']==='02')`|yy-MM-dd|true,
sysNewParamForm,SignatureType-2,ЧЉеТРраЭ,systemSetting.conversion.signatureScheme.field.signatureType,SignatureType,required|type|visiableExpression|optionSource,true|combo|`($PARAMORIGIN&&$PARAMORIGIN['code']==='02')&&($WFACTRTPARAMTYPE&&$WFACTRTPARAMTYPE['code']==='01')`|/model/listOptions?type=code&codeName=SignatureType,
sysNewParamForm,Image,ЭМЦЌ,systemSetting.conversion.signatureScheme.field.image,Image,visiableExpression|type|required|maxSize,`$PARAMORIGIN&&($PARAMORIGIN['code']==='03')`|image|true|1048576,
sysNewParamForm,FieldNames-2,КЯГЩзжЖЮ,systemSetting.conversion.signatureScheme.field.compositeField,FieldNames,type|visiableExpression|generalParam,transfer-table|`$PARAMORIGIN&&($PARAMORIGIN['code']==='04')`|commandName=sysCompositeFieldCommand,
sysERPIntegratedForm, ,baseInfo,,TEST,type|isResponsive|cols|divider,collapse|false|2|false,
sysERPIntegratedForm,INTEGRATEDPRODUCT,МЏГЩВњЦЗ,systemSetting.ERPTemplate.integrationProduct.List.productName,INTEGRATEDPRODUCT,type|optionSource|columnSpan,combo|/erpTemplate/listERPProduct|2,
sysERPIntegratedForm,INTEGRATEDMETHOD,МЏГЩЗНЪН,systemSetting.ERPTemplate.integrationProduct.List.integrationMethod,INTEGRATEDMETHOD,type|optionSource|isCascade|relatedField|columnSpan,combo|/erpTemplate/getIntegration?erpServerType=$related|true|INTEGRATEDPRODUCT|2,
sysERPIntegratedCrossServiceIntoForm, ,baseInfo,,TEST,type|isResponsive|cols|divider,collapse|false|2|false,
sysERPIntegratedCrossServiceIntoForm,IPADDRESS,IPЕижЗ,systemSetting.ERPTemplate.integrationProduct.List.crossServerIP,IPADDRESS,editable|columnSpan,false|2,
sysERPIntegratedCrossServiceIntoForm,PORT,ЖЫПк,systemSetting.ERPTemplate.integrationProduct.List.crossServerPort,PORT,editable|columnSpan,false|2,
sysERPIntegratedCrossServiceIntoForm,SERVICENAME,ЗўЮёУћГЦ,systemSetting.ERPTemplate.integrationProduct.List.crossServerName,SERVICENAME,editable|columnSpan,false|2,
sysERPIntegratedPlmWebServiceIntoForm, ,baseInfo,,TEST,type|isResponsive|cols|divider,collapse|false|2|false,
sysERPIntegratedPlmWebServiceIntoForm,PRODUCTNAME,ВњЦЗУћГЦ,systemSetting.ERPTemplate.integrationProduct.List.PLMName,PRODUCTNAME,editable|columnSpan,false|2,
sysERPIntegratedPlmWebServiceIntoForm,VERSIONS,АцБО,systemSetting.ERPTemplate.integrationProduct.List.PLMversion,VERSIONS,editable|columnSpan,false|2,
sysERPIntegratedPlmWebServiceIntoForm,IPADDRESS,IPЕижЗ,systemSetting.ERPTemplate.integrationProduct.List.PLMIP,IPADDRESS,editable|columnSpan,false|2,
sysERPIntegratedPlmWebServiceIntoForm,PORT,ЖЫПк,systemSetting.ERPTemplate.integrationProduct.List.PLMport,PORT,editable|columnSpan,false|2,
sysERPIntegratedPlmWebServiceIntoForm,SERVICENAME,ЗўЮёУћГЦ,systemSetting.ERPTemplate.integrationProduct.List.PLMServerName,SERVICENAME,editable|columnSpan,false|2,
sysERPIntegratedERPProductIntoForm, ,baseInfo,,TEST,type|isResponsive|cols|divider,collapse|false|2|false,
sysERPIntegratedERPProductIntoForm,PRODUCTNAME,ВњЦЗУћГЦ,systemSetting.ERPTemplate.integrationProduct.List.ERPName,PRODUCTNAME,editable|columnSpan,false|2,
sysERPIntegratedERPProductIntoForm,ID,БрКХ,systemSetting.ERPTemplate.integrationProduct.List.ERPNumber,ID,editable|columnSpan,false|2,
sysERPIntegratedERPProductIntoForm,VERSIONS,АцБО,systemSetting.ERPTemplate.integrationProduct.List.ERPVersion,VERSIONS,editable|columnSpan,false|2,
sysERPIntegratedERPServiceIntoForm, ,baseInfo,,TEST,type|isResponsive|columnSpan|divider,collapse|false|2|false,
sysERPIntegratedERPServiceIntoForm,IPADDRESS,IPЕижЗ,systemSetting.ERPTemplate.integrationProduct.List.PLMIP,IPADDRESS,editable|required|columnSpan|maxLength,true|true|2|20,
sysERPIntegratedERPServiceIntoForm,PORT,ЖЫПк,systemSetting.ERPTemplate.integrationProduct.List.PLMport,PORT,editable|required|columnSpan|maxLength,true|true|2|10,
sysERPIntegratedERPServiceIntoForm,SERVICENAME,ERPЗўЮёЦїЕижЗ,systemSetting.ERPTemplate.integrationProduct.field.ERPServerAddress,SERVICENAME,editable|required|columnSpan|maxLength,true|true|2|40,
sysERPIntegratedTemplateForm, ,baseInfo,,TEST,type|isResponsive|cols|divider,collapse|false|3|false,
sysERPIntegratedTemplateForm,TEMPLATENAME,ФЃАхУћГЦ,systemSetting.ERPTemplate.integrationTemp.field.templateName,TEMPLATENAME,editable|required|columnSpan|maxLength,true|true|2|20,
sysERPIntegratedTemplateForm,ISINUSEANDPRIORITY,РраЭЗНЪН,РраЭЗНЪН,ISINUSEANDPRIORITY,type|options|showTitle|labelSeat|columnSpan|help,checkbox|0:systemSetting.ERPTemplate.integrationTemp.field.ERPpriorityType;1:systemSetting.ERPTemplate.integrationTemp.field.allowedManualSpinning|false|true|2|systemSetting.organization.orgzManagement.tooltip.typeModeTooltip
sysERPIntegratedTemplateForm,SCHEMANAME,ХззЊФкШн,systemSetting.ERPTemplate.integrationTemp.field.data,SCHEMANAME,type|optionSource|columnSpan|required,combo|/erpTemplate/listSchemaName?erpProductConfigGuid=$erpProductConfigGuid|2|true,
sysERPIntegratedTemplateForm,FLIPOBJECT,ХззЊЖдЯѓ,systemSetting.ERPTemplate.integrationTemp.field.object,FLIPOBJECT,type|optionSource|codeType|columnSpan|required|isMultiple|showAddIcon,combo|/erpTemplate/listBoInfo|Tree|2|true|true|false,
sysERPIntegratedTemplateForm,COMPANIES,дЫгЊжааФ,systemSetting.ERPTemplate.integrationTemp.field.operatingCentre,COMPANIES,type|optionSource|isMultiple|columnSpan|required|help,combo|/erpTemplate/listCompaniesFromERP?guid=$guid|true|2|true|systemSetting.organization.orgzManagement.tooltip.operatingCentreTooltip
sysERPIntegratedTemplateForm,ISPERMITCUSTOM,дЪаэгУЛЇЪжЙЄХззЊЪБжИЖЈдЫгЊжааФ,systemSetting.ERPTemplate.integrationTemp.field.allowtoChooseOperatingCentre,ISPERMITCUSTOM,type|options|showTitle|labelSeat|columnSpan|help,checkbox|Y:systemSetting.ERPTemplate.integrationTemp.field.allowUsersOperationCenter|false|false|1|systemSetting.organization.orgzManagement.tooltip.allowtoChooseOperatingCentreTooltip
sysERPIntegratedTemplateForm,AVAILABLEPERSONNEL,ПЩгУШЫдБ,systemSetting.ERPTemplate.integrationTemp.field.whoCanUse,AVAILABLEPERSONNEL,type|typeValue|inputType|isMultiple|columnSpan|required|types,user|IUser|tag|true|2|true|USER;ROLE;RIG,
sysERPIntegratedTemplateForm,SUCCESSFULNOTIFICATION,ХззЊГЩЙІЭЈжЊШЫдБ,systemSetting.ERPTemplate.integrationTemp.field.whenSuccessNotice,SUCCESSFULNOTIFICATION,type|typeValue|inputType|isMultiple|columnSpan|types,user|IUser|tag|true|2|USER;ROLE;RIG,
sysERPIntegratedTemplateForm,INFORMCREATEUSER,ЭЈжЊХззЊеп,systemSetting.ERPTemplate.integrationTemp.field.notifyExecutor,INFORMCREATEUSER,type|options|showTitle|labelSeat|columnSpan,checkbox|Y:systemSetting.ERPTemplate.integrationTemp.field.notifyExecutor|false|false|1,
sysERPIntegratedTemplateForm,FAILURENOTIFICATION,ХззЊЪЇАмЭЈжЊШЫдБ,systemSetting.ERPTemplate.integrationTemp.field.whenFailedNotice,FAILURENOTIFICATION,type|typeValue|inputType|isMultiple|columnSpan|types,user|IUser|tag|true|2|USER;ROLE;RIG,
sysOrganUserForm,AVATAR,ЭЗЯё,personal.field.avatar,AVATAR,type|showTitle|visiableExpression,image|false|false,
sysOrganUserForm,userId,гУЛЇУћ,personal.field.userId,USERID,required|maxLength|enableExpression|pattern|patternMessage,true|20|`!$GUID||$USERID!=='admin'`|`^[a-zA-Z0-9@._]+$`|backend.business.message.IDError,
sysOrganUserForm,USERNAME,аеУћ,personal.field.userName,USERNAME,required|maxLength,true|20,
sysOrganUserForm,USERSIGNATURE,ЕчзгЧЉеТ,personal.field.useravatar,USERSIGNATURE,type|width|maxSize,image|100%|512000,
sysOrganUserForm,EMAIL,гЪМў,personal.field.mail,EMAIL,required|maxLength|pattern|patternMessage,false|40|^\w+([-+.]\w+)*@\w+([-.]\w+)*\.\w+([-.]\w+)*$|common.validator.mailWrongPattern,
sysOrganUserForm,TEL,ЕчЛА,personal.field.telephone,TEL,maxLength|pattern|patternMessage,12|^[0-9\-]+$|common.validator.barAndNumOnly,
sysOrganUserForm,MOBILE,вЦЖЏЕчЛА,personal.field.mobilePhone,MOBILE,maxLength|pattern|patternMessage,20|^[0-9\-]+$|common.validator.barAndNumOnly,
sysOrganUserForm,AGENT,ДњРэШЫ,personal.field.agent,AGENT,type|customOpenClick|expression|showAddIcon,object|setAgentOpen|`$origin?$origin['AGENT$NAME']+'('+${origin['ACTIVE$TITLE']}+')'+$origin['STARTDATE']+'-'+$origin['FINISHDATE']:''`|false,
sysOrganUserForm,RIGLIST,ЫљЪєВПУХ(НЧЩЋ),personal.field.department,RIGLIST,type|isMultiple|optionSource|codeType|expression,combo|true|/rig/listAllRIG|Tree|`$type==='group'?$origin?$origin['GROUPID']+'('+$origin['GROUPNAME']+')':'':$origin?$origin['GROUPNAME']+'('+$origin['ROLENAME']+')':''`,
sysOrganUserForm,COUNTRY,ЙњМв/ЕиЧј,personal.field.country,COUNTRY,maxLength,20,
sysOrganUserForm,CITY,ГЧЪа,personal.field.city,CITY,maxLength,20,
sysOrganUserForm,ADDRESS,ЕижЗ,personal.field.address,ADDRESS,maxLength,40,
sysOrganUserForm,ZIPCODE,гЪБр,personal.field.zipCode,ZIPCODE,maxLength|pattern|patternMessage,10|^\d{6}$|common.validator.noConformFormatRequire,
sysOrganUserForm,FAX,ДЋец,personal.field.fax,FAX,maxLength|pattern|patternMessage,20|`^(0\d{2,3}[-]?)?\d{7,8}$`|common.validator.noConformFormatRequire,
sysOrganUserForm,RDCenter,баЗЂжааФ,personal.field.rdcenter,RDCENTER,type|typeValue,code|RDCenter
sysOrganAgentForm,principal,БЛДњРэШЫ,systemSetting.organization.orgzManagement.field.principal,principal,type|editable|expression,user|false|`$id+'('+$name+')'`,
sysOrganAgentForm,agent,ДњРэШЫ,systemSetting.organization.orgzManagement.field.agent,AGENT,type|required|expression|searchAction,user|true|`$id+'('+$name+')'`|agentSearch,
sysOrganAgentForm,proxyInterval,ДњРэЧјМф,systemSetting.organization.orgzManagement.field.proxyInterval,proxyInterval,type|inputType|required|isForbiddenBefore,date|interval|true|true,
sysOrganAgentForm,ISACTIVE,ЩњЪЇаЇ,systemSetting.organization.orgzManagement.field.isAssert,ACTIVE,type|inputType|defaultValue|visiableExpression,boolean|switch|Y|$isSetAgent==='Y',
sysMobileDepartmentForm,RoleInGroupForm,вЦГіВПУХ(НЧЩЋ),systemSetting.organization.orgzManagement.field.roleInGroupForm,RoleInGroupForm,type|editable,combo|false,
sysMobileDepartmentForm,RoleInGroupTo,вЦШыВПУХ(НЧЩЋ),systemSetting.organization.orgzManagement.field.roleInGroupTo,RoleInGroupTo,type|optionSource|required|codeType|expression,combo|/rig/listAllRIG|true|Tree|`$type === 'role'?$nzNode.parentNode.origin.name+'('+$name+')':$name`
sysAddBomTemplateTopForm,templateName,ФЃАхУћГЦ,systemSetting.bomTemplate.field.name,TEMPLATENAME,required|maxLength,true|10,
sysAddBomTemplateTopForm,title,БъЬт,systemSetting.bomTemplate.field.title,TITLE,required|type|maxByteLength,true|multilingual|256
sysAddBomTemplateTopForm,viewClass,ЪгЭМРр,systemSetting.bomTemplate.field.viewClass,VIEWCLASSGUID,required|type|optionSource,true|combo|/bomTemplate/listViewClass,
sysAddBomTemplateTopForm,structureClass,НсЙЙРр,systemSetting.bomTemplate.field.strucClass,STRUCTURECLASSGUID,required|type|optionSource,true|combo|/bomTemplate/listStructureClass,
sysAddBomTemplateTopForm,REMARKS,БИзЂ,systemSetting.bomTemplate.field.remarks,REMARKS,type|inputType|maxLength,string|area|100,
sysAddBomTemplateTopForm,PRECISE,BOMРраЭ,systemSetting.bomTemplate.field.bomType,PRECISE,type|options|defaultValue|showTitle|columnSpan,radiobox|1:systemSetting.bomTemplate.field.precise;2:systemSetting.bomTemplate.field.imprecise|2|true|2,
sysAddBomTemplateTopForm_,MOVEFORWARD,ВхШыЗНЪН,systemSetting.bomTemplate.field.insertionMethod,MOVEFORWARD,type|options|defaultValue|showTitle|columnSpan,radiobox|N:systemSetting.bomTemplate.field.insertToMiddle;Y:systemSetting.bomTemplate.field.insertToEnd|N|true|2,
sysAddBomTemplateMiddleForm,SEQUENCESTART,Ц№ЪМжЕ,systemSetting.bomTemplate.field.startValueOfSequenceNumber,SEQUENCESTART,required|defaultValue|pattern|patternMessage|maxByteLength,true|10|^[0-9]+$|common.validator.numberOnly|10,
sysAddBomTemplateMiddleForm,SEQUENCEINCREMENT,діЗљ,systemSetting.bomTemplate.field.sequentialAdd,SEQUENCEINCREMENT,required|defaultValue|pattern|patternMessage|maxByteLength,true|10|^[0-9]+$|common.validator.numberOnly|10,
sysAddBomTemplateMiddleForm,SEQUENCELENGTH,ГЄЖШ,systemSetting.classification.field.length,SEQUENCELENGTH,required|defaultValue|pattern|patternMessage|maxByteLength,true|4|^[0-9]+$|common.validator.numberOnly|2,
sysAddBomTemplateMiddleForm,SEQUENCEPAD,зѓВрВЙ0,systemSetting.bomTemplate.field.sequenceNumberAddLeftZero,SEQUENCEPAD,type|options|showTitle|columnSpan|labelseat|defaultValue,checkbox|Y:systemSetting.bomTemplate.field.sequenceLeftPad0|false|0|true|Y,
sysAddBomTemplateBottomForm,DESIGNATORSEPARATOR,ЮЛКХЗжИєЗћ,systemSetting.bomTemplate.field.designatorSplitChar,DESIGNATORSEPARATOR,help|pattern|patternMessage,systemSetting.bomTemplate.message.bomPatternTips|^[^~]+$|systemSetting.bomTemplate.message.bomPatternMessage,
sysAddBomTemplateBottomForm,CHECKDESIGNATOR,ЮЛКХЪ§СПМьВщ,systemSetting.bomTemplate.field.numberQuantityCheck,CHECKDESIGNATOR,type|options|showTitle|columnSpan|labelseat,checkbox|Y:systemSetting.bomTemplate.field.numberQuantityCheck;|false|2|true,
sysAddBomTemplateBottomForm,ENABLEQUEUEEXPORT,BOMЕМГіЗНЪН,systemSetting.bomTemplate.field.bomExportMethod,ENABLEQUEUEEXPORT,type|options|defaultValue|showTitle|columnSpan,radiobox|N:systemSetting.bomTemplate.field.directExport;Y:systemSetting.bomTemplate.field.queueExport|N|true|2,
sysAddBomRelationForm,end1ClassGuid,ИИНзЖдЯѓ,systemSetting.bomTemplate.field.parentLevelObject,end1ClassGuid,type|codeType|optionSource|required|editable,combo|Tree|/lc/model/listClassTree?interfaceNames=$interfaceNames&allLevel=$allLevel|true|true,
sysAddBomRelationForm,end2ClassGuidList,згНзЖдЯѓ,systemSetting.bomTemplate.field.subordinateObject,end2ClassGuidList,type|codeType|optionSource|required|isMultiple,combo|Tree|/lc/model/listClassTree?interfaceNames=$interfaceNames&allLevel=$allLevel|true|true,
sysAddBomRelationForm,end2UniqueList,згНзЮЈвЛадЬѕМў,systemSetting.bomTemplate.field.suborderUniquenessCondition,end2UniqueList,type|optionSource|isMultiple|maxMultipleCount|prefix,combo|/bomTemplate/listUniqueSubOptions?bomTemplateInfoGuid=$GUID|true|3|systemSetting.bomTemplate.field.subItemPartNumber,
sysOrganGroupForm,PARENTGROUPGUID,ЩЯМЖВПУХ,systemSetting.organization.groupManagment.field.supDepartment,PARENTGROUPGUID,type|required|expression|editable,string|true|$PARENTGROUPGUID$TITLE|false,
sysOrganGroupForm,GROUPID,ВПУХБрКХ,systemSetting.organization.groupManagment.field.groupId,GROUPID,required|maxLength|pattern|patternMessage,true|20|^[a-zA-Z0-9]+$|systemSetting.organization.orgzManagement.tooltip.idError,
sysOrganGroupForm,GROUPNAME,ВПУХУћГЦ,systemSetting.organization.groupManagment.field.groupName,GROUPNAME,required|maxLength,true|20,
sysOrganGroupForm,ROLELIST,ВПУХНЧЩЋ,systemSetting.organization.groupManagment.field.groupRole,ROLELIST,type|isMultiple|expression|isServerSearch,role|true|`$origin['ROLEID']+'('+$origin['ROLENAME']+')'`|false,
sysOrganGroupForm,CALENDARGUID,ШеРњ,systemSetting.organization.groupManagment.field.calendar,CALENDARGUID,type|maxLength|required|optionSource|selectIndex,combo|20|true|/model/listOptions?type=calendar&containObsolete=N|0,
sysOrganGroupForm,DESCRIPTION,УшЪі,common.field.commonDesc,DESCRIPTION,type|maxLength|inputType,string|60|area,
sysEditBomTemplateTopForm,TEMPLATENAME,ФЃАхУћГЦ,systemSetting.bomTemplate.field.name,TEMPLATENAME,required|editable,true|false,
sysEditBomTemplateTopForm,TITLE,БъЬт,systemSetting.bomTemplate.field.title,TITLE,required|type|maxByteLength,true|multilingual|256,
sysEditBomTemplateTopForm,VIEWCLASSNAME,ЪгЭМРр,systemSetting.bomTemplate.field.viewClass,VIEWCLASSGUID,required|type|optionSource|editable,true|combo|/relationTemplate/listViewClass|false,
sysEditBomTemplateTopForm,STRUCTURECLASSNAME,НсЙЙРр,systemSetting.bomTemplate.field.strucClass,STRUCTURECLASSGUID,required|type|optionSource|editable,true|combo|/relationTemplate/listStructureClass|false,
sysEditBomTemplateTopForm,REMARKS,БИзЂ,systemSetting.bomTemplate.field.remarks,REMARKS,type|inputType|maxLength,string|area|100,
sysEditBomTemplateTopForm,PRECISE,BOMРраЭ,systemSetting.bomTemplate.field.bomType,PRECISE,type|options|defaultValue|showTitle|columnSpan,radiobox|1:systemSetting.bomTemplate.field.precise;2:systemSetting.bomTemplate.field.imprecise|2|true|2,
sysEditBomTemplateTopForm_,MOVEFORWARD,ВхШыЗНЪН,systemSetting.bomTemplate.field.insertionMethod,MOVEFORWARD,type|options|defaultValue|showTitle|columnSpan,radiobox|N:systemSetting.bomTemplate.field.insertToMiddle;Y:systemSetting.bomTemplate.field.insertToEnd|N|true|2,
sysEditBomRelationForm,end1ClassGuid,ИИНзЖдЯѓ,systemSetting.bomTemplate.field.parentLevelObject,end1ClassGuid,type|codeType|optionSource|required|editable,combo|Tree|/lc/model/listClassTree?interfaceNames=$interfaceNames|true|false,
sysEditBomRelationForm,end2ClassGuidList,згНзЖдЯѓ,systemSetting.bomTemplate.field.subordinateObject,end2ClassGuidList,type|codeType|optionSource|required|isMultiple,combo|Tree|/lc/model/listClassTree?interfaceNames=$interfaceNames|true|true,
sysEditBomRelationForm,end2UniqueList,згНзЮЈвЛадЬѕМў,systemSetting.bomTemplate.field.suborderUniquenessCondition,end2UniqueList,type|optionSource|isMultiple|maxMultipleCount|prefix,combo|/bomTemplate/listUniqueSubOptions?bomTemplateInfoGuid=$GUID|true|3|systemSetting.bomTemplate.field.subItemPartNumber,
sysDingDingIntegratedForm,,baseInfo,,DingDingIntegrated,type|cols|isResponsive|divider|maxLabelWidth,collapse|2|false|false|260px,
sysDingDingIntegratedForm,AGENTID,AgentID,AgentID,AGENTID,type|columnSpan|controlWidth|required|maxLength,string|2|450px|true|40
sysDingDingIntegratedForm,MINIAPPID,MiniAppID,MiniAppID,MINIAPPID,type|columnSpan|controlWidth|required|maxLength,string|2|450px|true|40
sysDingDingIntegratedForm,APPKEY,AppKey,AppKey,APPKEY,type|columnSpan|controlWidth|required|maxLength,string|2|450px|true|40
sysDingDingIntegratedForm,APPSECRET,AppSecret,AppSecret,APPSECRET,type|columnSpan|controlWidth|required|maxLength,string|2|450px|true|128
sysDingDingIntegratedForm,CORPID,CorpId,CorpId,CORPID,type|inputType|columnSpan|controlWidth|required|maxLength,string|password|2|450px|true|64
sysDingDingIntegratedForm,SELECTNAME,гУЛЇУћШЁжЕ,systemSetting.dingdingConfig.field.userNameFrom,SELECTNAME,type|options|showTitle|columnSpan|controlWidth|defaultValue,radiobox|Y:systemSetting.dingdingConfig.field.dingdingUserId;N:systemSetting.dingdingConfig.field.dingdingUserJobId|true|2|450px|Y
sysDingDingIntegratedForm,SYNMESSAGE,PLMЭЈжЊЭЌВНЖЄЖЄ,systemSetting.dingdingConfig.field.notifyToDingDing,SYNMESSAGE,type|inputType|defaultValue|columnSpan|controlWidth,boolean|switch|Y|2|150px
sysCompositeFieldForm,зжЖЮРраЭ,зжЖЮРраЭ,systemSetting.classification.field.fieldType,FIELDTYPE,type|options,combo|0:ЖдЯѓ;1:ЗжИєЗћ
sysCompositeFieldForm,зжЖЮУћГЦ,зжЖЮУћГЦ,systemSetting.classification.field.fieldName,FIELDNAME,type|optionSource|visiableExpression,combo|/transformConfigurate/listFields?className=DocumentTemplate|$FIELDTYPE&&$FIELDTYPE['value']==='0'
sysCompositeFieldForm,ЗжИєЗћ,ЗжИєЗћ,ЗжИєЗћ,DELIMITER,visiableExpression,$FIELDTYPE&&$FIELDTYPE['value']==='1'
sysPersonalCenterForm,baseInfo,baseInfo,,,type|layout|cols|isResponsive|rowSpace|divider,collapse|grid|1|false|15px|false
sysPersonalCenterForm,USERNAME,гУЛЇУћ,userinfo.form.field.username,USERID,editable|required|type|labelWidth|maxByteLength|patternMessage|pattern,true|true|string|100px|64|common.validator.letterAndNumOnly|[a-zA-Z0-9]+$
sysPersonalCenterForm,FULLNAME,аеУћ,userinfo.form.field.fullname,USERNAME,editable|type|labelWidth|required|maxByteLength,true|string|100px|true|20
sysPersonalCenterForm,EMAIL,гЪЯф,userinfo.form.field.email,EMAIL,type|labelWidth|maxByteLength|pattern|patternMessage,string|100px|64|^\w+([-+.]\w+)*@\w+([-.]\w+)*\.\w+([-.]\w+)*$|common.validator.mailWrongPattern
sysPersonalCenterForm,TELEPHONE,ЕчЛА,userinfo.form.field.telephone,TEL,type|labelWidth|maxByteLength|pattern|patternMessage,string|100px|20|^[0-9]+$|common.validator.numberOnly
sysPersonalCenterForm,MOBILE,вЦЖЏЕчЛА,userinfo.form.field.mobile,MOBILE,type|labelWidth|maxByteLength|pattern|patternMessage,string|100px|11|^[0-9]+$|common.validator.numberOnly
sysPersonalCenterForm,COUNTRYANDAREA,ЙњМв/ЕиЧј,userinfo.form.field.countryandarea,COUNTRY,type|labelWidth|maxByteLength,string|100px|64
sysPersonalCenterForm,ADDRESS,ЕижЗ,userinfo.form.field.address,ADDRESS,type|labelWidth|maxByteLength,string|100px|64
sysPersonalCenterForm,CITY,ГЧЪа,userinfo.form.field.city,CITY,type|labelWidth|maxByteLength,string|100px|64
sysPersonalCenterForm,POSTALCODE,гЪБр,userinfo.form.field.postalcode,ZIPCODE,type|labelWidth|maxByteLength|pattern|patternMessage,string|100px|20|^[0-9]+$|common.validator.numberOnly
sysPersonalCenterForm,FAX,ДЋец,userinfo.form.field.fax,FAX,type|labelWidth|maxByteLength|pattern|patternMessage,string|100px|20|^[0-9]+$|common.validator.numberOnly
sysPersonalCenterForm,RIGLIST,ЫљЪєВПУХ(НЧЩЋ),systemSetting.organization.orgzManagement.field.department,RIGGUIDLIST,type|isMultiple|optionSource|codeType|expression,combo|true|/rig/listAllRIG|Tree|`$type==='group'?$origin?$origin['GROUPID']+'('+$origin['GROUPNAME']+')':'':$origin?$origin['GROUPNAME']+'('+$origin['ROLENAME']+')':''`,
sysDCNewNodeManageFrom,EXECUTENODEID,жДааНкЕуid,жДааНкЕуid,ID,required,true
sysDCNewNodeManageFrom,NODENAME,НкЕуУћГЦ,НкЕуУћГЦ,NODENAME,required,true
sysDCNewNodeManageFrom,NODEIP,НкЕуip,НкЕуip,NODEIP,required|placeholder,true|`ПЩвдЬюаДЖрИіЃЌгУЖККХЗжИю`
sysDCNewNodeManageFrom,TIMEOUT,УшЪі,УшЪі,NODEDESCRIBE,type|inputType,string|area
sysDCNewTaskManageForm,TASKID,ШЮЮёid,ШЮЮёid,ID,required,true
sysDCNewTaskManageForm,TASKNAME,ШЮЮёУћГЦ,ШЮЮёУћГЦ,TASKNAME,required,true
sysDCNewTaskManageForm,EXECUTENODEID,жДааНкЕуid,жДааНкЕуid,HANDLERNODEID,required,true
sysDCNewTaskManageForm,DESCRIPTION,УшЪі,УшЪі,TASKDESCRIBE,type|inputType,string|area
sysDCNewTaskManageForm,EXECUTOR,жДааШЫ,жДааШЫ,TASKEXECUTOR,type,user
sysDCNewTaskManageForm,TASKPARAMS,ШЮЮёВЮЪ§,ШЮЮёВЮЪ§,TASKPARAM,,
sysDCNewTaskManageForm,RELATETASK,ЙиСЊШЮЮё,ЙиСЊШЮЮё,SUBTASKIDS,,
sysDCNewTaskManageForm,CREATEEXECUTE,ДДНЈМДжДаа,ДДНЈМДжДаа,IMMEDIATELYONCE,type|required,boolean|true
sysDCNewTaskManageForm,LASTRUNTIME,ЩЯвЛДЮдЫааЪБМф,ЩЯвЛДЮдЫааЪБМф,LASTEXECUTIONTIME,type,date
sysDCNewTaskManageForm,EXECUTEWAY,жДааЗНЪН,жДааЗНЪН,EXECUTETYPE,type|options,combo|0:ЭЌВН;1:вьВН;2:зщКЯ
sysDCNewTaskManageForm,TIMEOUT,ГЌЪБЪБМф,ГЌЪБЪБМф,TIMEOUT,type|typeValue|min|required|defaultValue|,numerical|integer|0|true|60|,
sysDCNewTaskManageForm,RETRYTIMES,жиЪдДЮЪ§,жиЪдДЮЪ§,RETRYTIMES,type|typeValue|defaultValue,numerical|integer|0
sysDCNewTaskManageForm,TAILTASK,ЭъГЩДІРэ,ЭъГЩДІРэ,TAILTASK,,
sysDCNewActuatorManageForm,LASTRUNTIME,ЕїЖШУћ,ЕїЖШУћ,ID,required,true
sysDCNewActuatorManageForm,EXECUTEWAY,ШЮЮёid,ШЮЮёid,TASKID,required,true
sysDCNewActuatorManageForm,RETRYTIMES,ЩЯвЛДЮдЫааЪБМф,ЩЯвЛДЮдЫааЪБМф,RETRYTIMES,type,date
sysDCNewActuatorManageForm,TAILTASK,cron,cron,JOBCRON,required,true
sysNewCADTemplateForm,SOURCEFILE,дДЮФМў,systemSetting.CADTemplate.form.sourceFile,SOURCEFILE,type|editable|customOpenClick|required|showAddIcon|tagClickAction_|tableName|tableToolbarName_|dataSource_|queryParams,object|true|cadTemplateSourceFileOpenClick|true|false|sysObjectClick|sysCADTemplateSourceFileTable|sysCADTemplateSourceFileTableSearchToolbar|/cadTemplate/listAllAvailableObjects|interfaceNames=ICAD3D
sysNewCADTemplateForm,TYPE$TITLE,РраЭ,systemSetting.CADTemplate.form.type,TYPE$TITLE,type|editable|expression,string|false|$.i18n($TYPE$TITLE)
sysNewCADTemplateForm,TEMPLATENAME$,ФЃАхУћГЦ,systemSetting.CADTemplate.form.templateName,TEMPLATENAME$,type|editable|required,string|true|true
sysNewCADTemplateForm,Remark,БИзЂ,common.field.remark,REMARK,type|inputType|maxByteLength,string|area|256
sysDerRuleRightForm, ,baseInfo,,,type|isResponsive|cols|divider|rowSpace|columnSpace,collapse|false|2|false|10px|10px,
sysDerRuleRightForm,allowBOMDerivation,ЪЧЗёдЪаэBOMХЩЩњ,systemSetting.BusinessRule.field.allowBOMDerivation,ISALLOWDERIVE,type|editable|columnSpan|inputType|enableExpression,boolean|true|1|switch|!$isExtendPC,
sysDerRuleRightForm,inheritParent,ДгИИЯюМЬГаЙцдђ,systemSetting.BusinessRule.option.inheritParent,ISEXTEND,type|editable|columnSpan|options|showTitle|labelSeat|enableExpression,checkbox|true|1|Y:systemSetting.BusinessRule.option.inheritParent|false|false|`!$isExtendPC && $Inheritable === 'Y'`,
sysDerRuleRightForm,derivativeEncoding,ХЩЩњБрТыЙцдђ,systemSetting.BusinessRule.field.derivativeEncoding,DERIVERULE,type|editable|columnSpan|options|enableExpression,combo|true|2|0:systemSetting.BusinessRule.option.originalEncoding;1:systemSetting.BusinessRule.option.originalCustom;2:systemSetting.BusinessRule.option.originalCode|`!$isExtendPC && $ISEXTEND?.[0]?.value !=='Y' && $ISEXTEND !== 'Y'`,
sysDerRuleRightForm,serialCode,СїЫЎТыЮЛЪ§,systemSetting.BusinessRule.field.serialCode,CODENUMBER,type|editable|columnSpan|inputType|visiableExpression|enableExpression|min,numerical|true|2|switch|$DERIVERULE?.value==='2'|`!$isExtendPC && $ISEXTEND?.[0]?.value !=='Y' && $ISEXTEND !== 'Y'`|0,
sysDerRuleRightForm,defaultRelation,ЙиСЊЙиЯЕФЌШЯБЃСє,systemSetting.BusinessRule.field.defaultRelation,ISRELATION,type|editable|columnSpan|inputType|enableExpression|visiableExpression,boolean|true|2|switch|`!$isExtendPC && $ISEXTEND?.[0]?.value !=='Y' && $ISEXTEND !== 'Y'`|false,
sysDerRuleRightForm,defaultSub,ЬцДњЙиЯЕЪЧЗёБЃСє,systemSetting.BusinessRule.field.defaultSub,ISREPLACE,type|editable|columnSpan|inputType|enableExpression|visiableExpression,boolean|true|2|switch|`!$isExtendPC && $ISEXTEND?.[0]?.value !=='Y' && $ISEXTEND !== 'Y'`|false,
sysGeneralConditionSaveForm,conditionName,УћГЦ,common.field.name,queryInfoName,type|required|placeholder|maxLength,string|true|advsearch.placeHolder.inputConditionName|56
sysGeneralConditionSaveForm,conditionText,ЬѕМў,advsearch.title.condition,queryInfoText,type|inputType|editable,string|area|false
sysPreviewBaseForm,baseInfo,baseInfo,basic.common.group.baseInfo,,type|divier,collapse|false
sysPreviewBaseForm,OWNERUSER,Ыљгаеп,common.field.owneruser,OWNERUSER$,type|editable|typeValue,user|false|IUser
sysPreviewBaseForm,OWNERGROUP,Ыљгаепзщ,common.field.ownergroup,OWNERGROUP$,type|editable|typeValue,group|false|IGroup
sysPreviewBaseForm,RELEASETIME,ЗЂВМЪБМф,common.field.releasetime,RELEASETIME$,type|editable|inputType,datetime|false|single
sysPreviewBaseForm,UPDATEUSER,ИќаТеп,common.field.updateuser,UPDATEUSER$,type|editable|typeValue,user|false|IUser
sysPreviewBaseForm,UPDATETIME,ИќаТЪБМф,common.field.updatetime,UPDATETIME$,type|editable,datetime|false
sysPreviewBaseForm,CREATEUSER,ДДНЈеп,common.field.createuser,CREATEUSER$,type|editable|typeValue,user|false|IUser
sysPreviewBaseForm,CREATETIME,ДДНЈЪБМф,common.field.createtime,CREATETIME$,type|editable,datetime|false
sysPreviewBaseForm,CHECKOUTUSER,МьГіеп,common.field.checkoutuser,CHECKOUTUSER$,type|editable,string|false


